faculty_id,faculty_name,department,rating,style_tags
101,Dr. Anand R.,SCOPE,4.3,"project-based,chill,good-notes"
102,Dr. Priya K.,SCOPE,4.8,"strict,theory-heavy,tough-grader"
103,Dr. Suresh M.,SELECT,3.9,"project-based,chill"
104,Dr. Karthik S.,SCOPE,4.1,"engaging,helpful"
105,Dr. Meena L.,SENSE,4.6,"good-notes,helpful"
106,Dr. Rajan P.,SCOPE,3.5,"theory-heavy,strict,tough-grader"
107,Dr. Geetha V.,SELECT,4.2,"project-based,engaging"
108,Dr. Kumar B.,SENSE,3.7,"fast-paced,boring"
109,Dr. Divya S.,SCOPE,4.9,"engaging,helpful,lenient-grading"
110,Dr. Balaji G.,SELECT,3.2,"strict,boring"
111,Dr. Lakshmi N.,SENSE,4.4,"project-based,good-notes"
112,Dr. Mohan R.,SCOPE,4.1,"chill,lenient-grading"
113,Dr. Revathi P.,SELECT,3.6,"theory-heavy,fast-paced"
114,Dr. Saravanan K.,SENSE,3.9,"helpful,strict"
115,Dr. Usha M.,SCOPE,4.7,"engaging,good-notes,project-based"
116,Dr. Venkatesh S.,SELECT,3.3,"tough-grader,boring"
117,Dr. Vidya R.,SENSE,4.5,"chill,helpful"
118,Dr. Krishnan V.,SCOPE,4.5,"project-based,engaging,good-notes"
119,Dr. Malini S.,SELECT,3.8,"fast-paced,theory-heavy"
120,Dr. Prabhu G.,SENSE,4.2,"lenient-grading,helpful"
121,Dr. Aarav Singh,SCOPE,3.5,"boring,fast-paced"
122,Dr. Aanya Sharma,SENSE,4.2,"helpful,project-based,engaging"
123,Dr. Vivaan Gupta,SELECT,3.1,"strict,tough-grader"
124,Dr. Diya Patel,SCOPE,4.8,"lenient-grading,good-notes,engaging"
125,Dr. Aditya Kumar,SENSE,3.6,"fast-paced,theory-heavy"
126,Dr. Ananya Reddy,SCOPE,4.5,"project-based,helpful"
127,Dr. Ishaan Rao,SELECT,3.4,"boring,strict"
128,Dr. Myra Nair,SCOPE,4.1,"helpful,chill"
129,Dr. Arjun Menon,SENSE,3.8,"strict,fast-paced"
130,Dr. Siya Iyer,SCOPE,4.6,"good-notes,engaging"
131,Dr. Reyansh Pillai,SELECT,3.2,"tough-grader,theory-heavy"
132,Dr. Kiara Varma,SCOPE,4.3,"project-based,lenient-grading"
133,Dr. Vihaan Joshi,SENSE,3.7,"boring,strict"
134,Dr. Tara Mehta,SCOPE,4.7,"good-notes,helpful"
135,Dr. Muhammad Ali,SELECT,3.5,"fast-paced,tough-grader"
136,Dr. Zoe Khan,SCOPE,4.2,"chill,project-based"
137,Dr. Kabir Desai,SENSE,3.9,"strict,helpful"
138,Dr. Anika Shah,SCOPE,4.5,"engaging,lenient-grading"
139,Dr. Ayaan Verma,SELECT,3.3,"boring,theory-heavy"
140,Dr. Navya Jain,SCOPE,4.8,"good-notes,project-based"
141,Dr. Krish Sharma,SENSE,3.6,"strict,fast-paced"
142,Dr. Pari Gupta,SCOPE,4.3,"chill,helpful"
143,Dr. Rohan Patel,SELECT,3.1,"tough-grader,boring"
144,Dr. Aisha Kumar,SCOPE,4.6,"engaging,good-notes"
145,Dr. Aryan Reddy,SENSE,3.8,"theory-heavy,strict"
146,Dr. Eva Rao,SCOPE,4.4,"project-based,lenient-grading"
147,Dr. Advik Nair,SELECT,3.4,"fast-paced,boring"
148,Dr. Anvi Menon,SCOPE,4.2,"chill,engaging"
149,Dr. Veer Iyer,SENSE,3.7,"tough-grader,strict"
150,Dr. Zara Pillai,SCOPE,4.7,"good-notes,project-based,helpful"
151,Dr. Sai Varma,SELECT,3.5,"boring,theory-heavy"
152,Dr. Shanaya Joshi,SCOPE,4.1,"lenient-grading,chill"
153,Dr. Zayan Mehta,SENSE,3.9,"strict,fast-paced"
154,Dr. Aadhya Ali,SCOPE,4.5,"engaging,project-based"
155,Dr. Dhruv Khan,SELECT,3.2,"tough-grader,boring"
156,Dr. Ira Desai,SCOPE,4.6,"helpful,good-notes"
157,Dr. Aarush Shah,SENSE,3.6,"fast-paced,strict"
158,Dr. Riya Verma,SCOPE,4.3,"chill,project-based"
159,Dr. Ishan Jain,SELECT,3.4,"boring,theory-heavy"
160,Dr. Nia Sharma,SCOPE,4.8,"engaging,lenient-grading,good-notes"
161,Dr. Om Gupta,SENSE,3.7,"strict,tough-grader"
162,Dr. Anahita Patel,SCOPE,4.2,"helpful,chill"
163,Dr. Yuvraj Kumar,SELECT,3.3,"fast-paced,boring"
164,Dr. Samaira Reddy,SCOPE,4.5,"project-based,engaging"
165,Dr. Atharv Rao,SENSE,3.8,"theory-heavy,strict"
166,Dr. Alisha Nair,SCOPE,4.6,"good-notes,lenient-grading"
167,Dr. Shaurya Menon,SELECT,3.1,"tough-grader,boring"
168,Dr. Amaira Iyer,SCOPE,4.4,"chill,project-based,helpful"
169,Dr. Yuvaan Pillai,SENSE,3.5,"fast-paced,theory-heavy"
170,Dr. Saanvi Varma,SCOPE,4.7,"engaging,good-notes"
171,Dr. Armaan Joshi,SELECT,3.6,"strict,boring"
172,Dr. Keya Mehta,SCOPE,4.1,"lenient-grading,helpful"
173,Dr. Vivaan Ali,SENSE,3.9,"fast-paced,strict"
174,Dr. Aarya Khan,SCOPE,4.5,"project-based,engaging"
175,Dr. Abeer Desai,SELECT,3.2,"tough-grader,theory-heavy"
176,Dr. Myra Shah,SCOPE,4.6,"good-notes,helpful"
177,Dr. Neil Verma,SENSE,3.7,"boring,strict"
178,Dr. Pehel Jain,SCOPE,4.3,"chill,project-based"
179,Dr. Ekansh Sharma,SELECT,3.4,"fast-paced,tough-grader"
180,Dr. Ananya Gupta,SCOPE,4.8,"engaging,lenient-grading"
181,Dr. Ishaan Patel,SENSE,3.5,"theory-heavy,strict"
182,Dr. Siya Kumar,SCOPE,4.2,"helpful,good-notes"
183,Dr. Reyansh Reddy,SELECT,3.1,"boring,tough-grader"
184,Dr. Kiara Rao,SCOPE,4.5,"project-based,engaging"
185,Dr. Vihaan Nair,SENSE,3.8,"fast-paced,strict"
186,Dr. Tara Menon,SCOPE,4.6,"chill,lenient-grading"
187,Dr. Muhammad Iyer,SELECT,3.3,"theory-heavy,boring"
188,Dr. Zoe Pillai,SCOPE,4.4,"good-notes,project-based"
189,Dr. Kabir Varma,SENSE,3.6,"strict,tough-grader"
190,Dr. Anika Joshi,SCOPE,4.7,"engaging,helpful"
191,Dr. Ayaan Mehta,SELECT,3.5,"fast-paced,boring"
192,Dr. Navya Ali,SCOPE,4.1,"lenient-grading,chill"
193,Dr. Krish Khan,SENSE,3.9,"strict,theory-heavy"
194,Dr. Pari Desai,SCOPE,4.5,"project-based,good-notes"
195,Dr. Rohan Shah,SELECT,3.2,"tough-grader,boring"
196,Dr. Aisha Verma,SCOPE,4.6,"engaging,helpful"
197,Dr. Aryan Jain,SENSE,3.7,"fast-paced,strict"
198,Dr. Eva Sharma,SCOPE,4.3,"chill,project-based"
199,Dr. Advik Gupta,SELECT,3.4,"theory-heavy,boring"
200,Dr. Anvi Patel,SCOPE,4.8,"lenient-grading,engaging,good-notes"
201,Dr. Veer Kumar,SENSE,3.6,"strict,tough-grader"
202,Dr. Zara Reddy,SCOPE,4.2,"helpful,chill"
203,Dr. Sai Rao,SELECT,3.3,"fast-paced,boring"
204,Dr. Shanaya Nair,SCOPE,4.5,"project-based,engaging"
205,Dr. Zayan Menon,SENSE,3.8,"theory-heavy,strict"
206,Dr. Aadhya Iyer,SCOPE,4.6,"good-notes,lenient-grading"
207,Dr. Dhruv Pillai,SELECT,3.1,"tough-grader,boring"
208,Dr. Ira Varma,SCOPE,4.4,"chill,project-based,helpful"
209,Dr. Aarush Joshi,SENSE,3.5,"fast-paced,theory-heavy"
210,Dr. Riya Mehta,SCOPE,4.7,"engaging,good-notes"
211,Dr. Ishan Ali,SELECT,3.6,"strict,boring"
212,Dr. Nia Khan,SCOPE,4.1,"lenient-grading,helpful"
213,Dr. Om Desai,SENSE,3.9,"fast-paced,strict"
214,Dr. Anahita Shah,SCOPE,4.5,"project-based,engaging"
215,Dr. Yuvraj Verma,SELECT,3.2,"tough-grader,theory-heavy"
216,Dr. Samaira Jain,SCOPE,4.6,"good-notes,helpful"
217,Dr. Atharv Sharma,SENSE,3.7,"boring,strict"
218,Dr. Alisha Gupta,SCOPE,4.3,"chill,project-based"
219,Dr. Shaurya Patel,SELECT,3.4,"fast-paced,tough-grader"
220,Dr. Amaira Kumar,SCOPE,4.8,"engaging,lenient-grading"
221,Dr. Yuvaan Reddy,SENSE,3.5,"theory-heavy,strict"
222,Dr. Saanvi Rao,SCOPE,4.2,"helpful,good-notes"
223,Dr. Armaan Nair,SELECT,3.1,"boring,tough-grader"
224,Dr. Keya Menon,SCOPE,4.5,"project-based,engaging"
225,Dr. Vivaan Iyer,SENSE,3.8,"fast-paced,strict"
226,Dr. Aarya Pillai,SCOPE,4.6,"chill,lenient-grading"
227,Dr. Abeer Varma,SELECT,3.3,"theory-heavy,boring"
228,Dr. Myra Joshi,SCOPE,4.4,"good-notes,project-based"
229,Dr. Neil Mehta,SENSE,3.6,"strict,tough-grader"
230,Dr. Pehel Ali,SCOPE,4.7,"engaging,helpful"
231,Dr. Ekansh Khan,SELECT,3.5,"fast-paced,boring"
232,Dr. Ananya Desai,SCOPE,4.1,"lenient-grading,chill"
233,Dr. Ishaan Shah,SENSE,3.9,"strict,theory-heavy"
234,Dr. Siya Verma,SCOPE,4.5,"project-based,good-notes"
235,Dr. Reyansh Jain,SELECT,3.2,"tough-grader,boring"
236,Dr. Kiara Sharma,SCOPE,4.6,"engaging,helpful"
237,Dr. Vihaan Gupta,SENSE,3.7,"fast-paced,strict"
238,Dr. Tara Patel,SCOPE,4.3,"chill,project-based"
239,Dr. Muhammad Kumar,SELECT,3.4,"theory-heavy,boring"
240,Dr. Zoe Reddy,SCOPE,4.8,"lenient-grading,engaging,good-notes"
241,Dr. Kabir Rao,SENSE,3.6,"strict,tough-grader"
242,Dr. Anika Nair,SCOPE,4.2,"helpful,chill"
243,Dr. Ayaan Menon,SELECT,3.3,"fast-paced,boring"
244,Dr. Navya Iyer,SCOPE,4.5,"project-based,engaging"
245,Dr. Krish Pillai,SENSE,3.8,"theory-heavy,strict"
246,Dr. Pari Varma,SCOPE,4.6,"good-notes,lenient-grading"
247,Dr. Rohan Joshi,SELECT,3.1,"tough-grader,boring"
248,Dr. Aisha Mehta,SCOPE,4.4,"chill,project-based,helpful"
249,Dr. Aryan Ali,SENSE,3.5,"fast-paced,theory-heavy"
250,Dr. Eva Khan,SCOPE,4.7,"engaging,good-notes"
251,Dr. Advik Desai,SELECT,3.6,"strict,boring"
252,Dr. Anvi Shah,SCOPE,4.1,"lenient-grading,helpful"
253,Dr. Veer Verma,SENSE,3.9,"fast-paced,strict"
254,Dr. Zara Jain,SCOPE,4.5,"project-based,engaging"
255,Dr. Sai Sharma,SELECT,3.2,"tough-grader,theory-heavy"
256,Dr. Shanaya Gupta,SCOPE,4.6,"good-notes,helpful"
257,Dr. Zayan Patel,SENSE,3.7,"boring,strict"
258,Dr. Aadhya Kumar,SCOPE,4.3,"chill,project-based"
259,Dr. Dhruv Reddy,SELECT,3.4,"fast-paced,tough-grader"
260,Dr. Ira Rao,SCOPE,4.8,"engaging,lenient-grading"
261,Dr. Aarush Nair,SENSE,3.5,"theory-heavy,strict"
262,Dr. Riya Menon,SCOPE,4.2,"helpful,good-notes"
263,Dr. Ishan Iyer,SELECT,3.1,"boring,tough-grader"
264,Dr. Nia Pillai,SCOPE,4.5,"project-based,engaging"
265,Dr. Om Varma,SENSE,3.8,"fast-paced,strict"
266,Dr. Anahita Joshi,SCOPE,4.6,"chill,lenient-grading"
267,Dr. Yuvraj Mehta,SELECT,3.3,"theory-heavy,boring"
268,Dr. Samaira Ali,SCOPE,4.4,"good-notes,project-based"
269,Dr. Atharv Khan,SENSE,3.6,"strict,tough-grader"
270,Dr. Alisha Desai,SCOPE,4.7,"engaging,helpful"
271,Dr. Shaurya Shah,SELECT,3.5,"fast-paced,boring"
272,Dr. Amaira Verma,SCOPE,4.1,"lenient-grading,chill"
273,Dr. Yuvaan Jain,SENSE,3.9,"strict,theory-heavy"
274,Dr. Saanvi Sharma,SCOPE,4.5,"project-based,good-notes"
275,Dr. Armaan Gupta,SELECT,3.2,"tough-grader,boring"
276,Dr. Keya Patel,SCOPE,4.6,"engaging,helpful"
277,Dr. Vivaan Kumar,SENSE,3.7,"fast-paced,strict"
278,Dr. Aarya Reddy,SCOPE,4.3,"chill,project-based"
279,Dr. Abeer Rao,SELECT,3.4,"theory-heavy,boring"
280,Dr. Myra Nair,SCOPE,4.8,"lenient-grading,engaging,good-notes"
281,Dr. Neil Menon,SENSE,3.6,"strict,tough-grader"
282,Dr. Pehel Iyer,SCOPE,4.2,"helpful,chill"
283,Dr. Ekansh Pillai,SELECT,3.3,"fast-paced,boring"
284,Dr. Ananya Varma,SCOPE,4.5,"project-based,engaging"
285,Dr. Ishaan Joshi,SENSE,3.8,"theory-heavy,strict"
286,Dr. Siya Mehta,SCOPE,4.6,"good-notes,lenient-grading"
287,Dr. Reyansh Ali,SELECT,3.1,"tough-grader,boring"
288,Dr. Kiara Khan,SCOPE,4.4,"chill,project-based,helpful"
289,Dr. Vihaan Desai,SENSE,3.5,"fast-paced,theory-heavy"
290,Dr. Tara Shah,SCOPE,4.7,"engaging,good-notes"
291,Dr. Muhammad Verma,SELECT,3.6,"strict,boring"
292,Dr. Zoe Jain,SCOPE,4.1,"lenient-grading,helpful"
293,Dr. Kabir Sharma,SENSE,3.9,"fast-paced,strict"
294,Dr. Anika Gupta,SCOPE,4.5,"project-based,engaging"
295,Dr. Ayaan Patel,SELECT,3.2,"tough-grader,theory-heavy"
296,Dr. Navya Kumar,SCOPE,4.6,"good-notes,helpful"
297,Dr. Krish Reddy,SENSE,3.7,"boring,strict"
298,Dr. Pari Rao,SCOPE,4.3,"chill,project-based"
299,Dr. Rohan Nair,SELECT,3.4,"fast-paced,tough-grader"
300,Dr. Aisha Menon,SCOPE,4.8,"engaging,lenient-grading"
301,Dr. Aarav Iyer,SENSE,3.5,"theory-heavy,strict"
302,Dr. Aanya Pillai,SCOPE,4.2,"helpful,good-notes"
303,Dr. Vivaan Varma,SELECT,3.1,"boring,tough-grader"
304,Dr. Diya Joshi,SCOPE,4.5,"project-based,engaging"
305,Dr. Aditya Mehta,SENSE,3.8,"fast-paced,strict"
306,Dr. Ananya Ali,SCOPE,4.6,"chill,lenient-grading"
307,Dr. Ishaan Khan,SELECT,3.3,"theory-heavy,boring"
308,Dr. Myra Desai,SCOPE,4.4,"good-notes,project-based"
309,Dr. Arjun Shah,SENSE,3.6,"strict,tough-grader"
310,Dr. Siya Verma,SCOPE,4.7,"engaging,helpful"
311,Dr. Reyansh Jain,SELECT,3.5,"fast-paced,boring"
312,Dr. Kiara Sharma,SCOPE,4.1,"lenient-grading,chill"
313,Dr. Vihaan Gupta,SENSE,3.9,"strict,theory-heavy"
314,Dr. Tara Patel,SCOPE,4.5,"project-based,good-notes"
315,Dr. Muhammad Kumar,SELECT,3.2,"tough-grader,boring"
316,Dr. Zoe Reddy,SCOPE,4.6,"engaging,helpful"
317,Dr. Kabir Rao,SENSE,3.7,"fast-paced,strict"
318,Dr. Anika Nair,SCOPE,4.3,"chill,project-based"
319,Dr. Ayaan Menon,SELECT,3.4,"theory-heavy,boring"
320,Dr. Navya Iyer,SCOPE,4.8,"lenient-grading,engaging,good-notes"
321,Dr. Krish Pillai,SENSE,3.6,"strict,tough-grader"
322,Dr. Pari Varma,SCOPE,4.2,"helpful,chill"
323,Dr. Rohan Joshi,SELECT,3.3,"fast-paced,boring"
324,Dr. Aisha Mehta,SCOPE,4.5,"project-based,engaging"
325,Dr. Aryan Ali,SENSE,3.8,"theory-heavy,strict"
326,Dr. Eva Khan,SCOPE,4.6,"good-notes,lenient-grading"
327,Dr. Advik Desai,SELECT,3.1,"tough-grader,boring"
328,Dr. Anvi Shah,SCOPE,4.4,"chill,project-based,helpful"
329,Dr. Veer Verma,SENSE,3.5,"fast-paced,theory-heavy"
330,Dr. Zara Jain,SCOPE,4.7,"engaging,good-notes"
331,Dr. Sai Sharma,SELECT,3.6,"strict,boring"
332,Dr. Shanaya Gupta,SCOPE,4.1,"lenient-grading,helpful"
333,Dr. Zayan Patel,SENSE,3.9,"fast-paced,strict"
334,Dr. Aadhya Kumar,SCOPE,4.5,"project-based,engaging"
335,Dr. Dhruv Reddy,SELECT,3.2,"tough-grader,theory-heavy"
336,Dr. Ira Rao,SCOPE,4.6,"good-notes,helpful"
337,Dr. Aarush Nair,SENSE,3.7,"boring,strict"
338,Dr. Riya Menon,SCOPE,4.3,"chill,project-based"
339,Dr. Ishan Iyer,SELECT,3.4,"fast-paced,tough-grader"
340,Dr. Nia Pillai,SCOPE,4.8,"engaging,lenient-grading"
341,Dr. Om Varma,SENSE,3.5,"theory-heavy,strict"
342,Dr. Anahita Joshi,SCOPE,4.2,"helpful,good-notes"
343,Dr. Yuvraj Mehta,SELECT,3.1,"boring,tough-grader"
344,Dr. Samaira Ali,SCOPE,4.5,"project-based,engaging"
345,Dr. Atharv Khan,SENSE,3.8,"fast-paced,strict"
346,Dr. Alisha Desai,SCOPE,4.6,"chill,lenient-grading"
347,Dr. Shaurya Shah,SELECT,3.3,"theory-heavy,boring"
348,Dr. Amaira Verma,SCOPE,4.4,"good-notes,project-based"
349,Dr. Yuvaan Jain,SENSE,3.6,"strict,tough-grader"
350,Dr. Saanvi Sharma,SCOPE,4.7,"engaging,helpful"
351,Dr. Armaan Gupta,SELECT,3.5,"fast-paced,boring"
352,Dr. Keya Patel,SCOPE,4.1,"lenient-grading,chill"
353,Dr. Vivaan Kumar,SENSE,3.9,"strict,theory-heavy"
354,Dr. Aarya Reddy,SCOPE,4.5,"project-based,good-notes"
355,Dr. Abeer Rao,SELECT,3.2,"tough-grader,boring"
356,Dr. Myra Nair,SCOPE,4.6,"engaging,helpful"
357,Dr. Neil Menon,SENSE,3.7,"fast-paced,strict"
358,Dr. Pehel Iyer,SCOPE,4.3,"chill,project-based"
359,Dr. Ekansh Pillai,SELECT,3.4,"theory-heavy,boring"
360,Dr. Ananya Varma,SCOPE,4.8,"lenient-grading,engaging,good-notes"
361,Dr. Ishaan Joshi,SENSE,3.6,"strict,tough-grader"
362,Dr. Siya Mehta,SCOPE,4.2,"helpful,chill"
363,Dr. Reyansh Ali,SELECT,3.3,"fast-paced,boring"
364,Dr. Kiara Khan,SCOPE,4.5,"project-based,engaging"
365,Dr. Vihaan Desai,SENSE,3.8,"theory-heavy,strict"
366,Dr. Tara Shah,SCOPE,4.6,"good-notes,lenient-grading"
367,Dr. Muhammad Verma,SELECT,3.1,"tough-grader,boring"
368,Dr. Zoe Jain,SCOPE,4.4,"chill,project-based,helpful"
369,Dr. Kabir Sharma,SENSE,3.5,"fast-paced,theory-heavy"
370,Dr. Anika Gupta,SCOPE,4.7,"engaging,good-notes"
371,Dr. Ayaan Patel,SELECT,3.6,"strict,boring"
372,Dr. Navya Kumar,SCOPE,4.1,"lenient-grading,helpful"
373,Dr. Krish Reddy,SENSE,3.9,"fast-paced,strict"
374,Dr. Pari Rao,SCOPE,4.5,"project-based,engaging"
375,Dr. Rohan Nair,SELECT,3.2,"tough-grader,theory-heavy"
376,Dr. Aisha Menon,SCOPE,4.6,"good-notes,helpful"
377,Dr. Aarav Iyer,SENSE,3.7,"boring,strict"
378,Dr. Aanya Pillai,SCOPE,4.3,"chill,project-based"
379,Dr. Vivaan Varma,SELECT,3.4,"fast-paced,tough-grader"
380,Dr. Diya Joshi,SCOPE,4.8,"engaging,lenient-grading"
381,Dr. Aditya Mehta,SENSE,3.5,"theory-heavy,strict"
382,Dr. Ananya Ali,SCOPE,4.2,"helpful,good-notes"
383,Dr. Ishaan Khan,SELECT,3.1,"boring,tough-grader"
384,Dr. Myra Desai,SCOPE,4.5,"project-based,engaging"
385,Dr. Arjun Shah,SENSE,3.8,"fast-paced,strict"
386,Dr. Siya Verma,SCOPE,4.6,"chill,lenient-grading"
387,Dr. Reyansh Jain,SELECT,3.3,"theory-heavy,boring"
388,Dr. Kiara Sharma,SCOPE,4.4,"good-notes,project-based"
389,Dr. Vihaan Gupta,SENSE,3.6,"strict,tough-grader"
390,Dr. Tara Patel,SCOPE,4.7,"engaging,helpful"
391,Dr. Muhammad Kumar,SELECT,3.5,"fast-paced,boring"
392,Dr. Zoe Reddy,SCOPE,4.1,"lenient-grading,chill"
393,Dr. Kabir Rao,SENSE,3.9,"strict,theory-heavy"
394,Dr. Anika Nair,SCOPE,4.5,"project-based,good-notes"
395,Dr. Ayaan Menon,SELECT,3.2,"tough-grader,boring"
396,Dr. Navya Iyer,SCOPE,4.6,"engaging,helpful"
397,Dr. Krish Pillai,SENSE,3.7,"fast-paced,strict"
398,Dr. Pari Varma,SCOPE,4.3,"chill,project-based"
399,Dr. Rohan Joshi,SELECT,3.4,"theory-heavy,boring"
400,Dr. Aisha Mehta,SCOPE,4.8,"lenient-grading,engaging,good-notes"
401,Dr. Aryan Ali,SENSE,3.6,"strict,tough-grader"
402,Dr. Eva Khan,SCOPE,4.2,"helpful,chill"
403,Dr. Advik Desai,SELECT,3.3,"fast-paced,boring"
404,Dr. Anvi Shah,SCOPE,4.5,"project-based,engaging"
405,Dr. Veer Verma,SENSE,3.8,"theory-heavy,strict"
406,Dr. Zara Jain,SCOPE,4.6,"good-notes,lenient-grading"
407,Dr. Sai Sharma,SELECT,3.1,"tough-grader,boring"
408,Dr. Shanaya Gupta,SCOPE,4.4,"chill,project-based,helpful"
409,Dr. Zayan Patel,SENSE,3.5,"fast-paced,theory-heavy"
410,Dr. Aadhya Kumar,SCOPE,4.7,"engaging,good-notes"
411,Dr. Dhruv Reddy,SELECT,3.6,"strict,boring"
412,Dr. Ira Rao,SCOPE,4.1,"lenient-grading,helpful"
413,Dr. Aarush Nair,SENSE,3.9,"fast-paced,strict"
414,Dr. Riya Menon,SCOPE,4.5,"project-based,engaging"
415,Dr. Ishan Iyer,SELECT,3.2,"tough-grader,theory-heavy"
416,Dr. Nia Pillai,SCOPE,4.6,"good-notes,helpful"
417,Dr. Om Varma,SENSE,3.7,"boring,strict"
418,Dr. Anahita Joshi,SCOPE,4.3,"chill,project-based"
419,Dr. Yuvraj Mehta,SELECT,3.4,"fast-paced,tough-grader"
420,Dr. Samaira Ali,SCOPE,4.8,"engaging,lenient-grading"
421,Dr. Atharv Khan,SENSE,3.5,"theory-heavy,strict"
422,Dr. Alisha Desai,SCOPE,4.2,"helpful,good-notes"
423,Dr. Shaurya Shah,SELECT,3.1,"boring,tough-grader"
424,Dr. Amaira Verma,SCOPE,4.5,"project-based,engaging"
425,Dr. Yuvaan Jain,SENSE,3.8,"fast-paced,strict"
426,Dr. Saanvi Sharma,SCOPE,4.6,"chill,lenient-grading"
427,Dr. Armaan Gupta,SELECT,3.3,"theory-heavy,boring"
428,Dr. Keya Patel,SCOPE,4.4,"good-notes,project-based"
429,Dr. Vivaan Kumar,SENSE,3.6,"strict,tough-grader"
430,Dr. Aarya Reddy,SCOPE,4.7,"engaging,helpful"
431,Dr. Abeer Rao,SELECT,3.5,"fast-paced,boring"
432,Dr. Myra Nair,SCOPE,4.1,"lenient-grading,chill"
433,Dr. Neil Menon,SENSE,3.9,"strict,theory-heavy"
434,Dr. Pehel Iyer,SCOPE,4.5,"project-based,good-notes"
435,Dr. Ekansh Pillai,SELECT,3.2,"tough-grader,boring"
436,Dr. Ananya Varma,SCOPE,4.6,"engaging,helpful"
437,Dr. Ishaan Joshi,SENSE,3.7,"fast-paced,strict"
438,Dr. Siya Mehta,SCOPE,4.3,"chill,project-based"
439,Dr. Reyansh Ali,SELECT,3.4,"theory-heavy,boring"
440,Dr. Kiara Khan,SCOPE,4.8,"lenient-grading,engaging,good-notes"
441,Dr. Vihaan Desai,SENSE,3.6,"strict,tough-grader"
442,Dr. Tara Shah,SCOPE,4.2,"helpful,chill"
443,Dr. Muhammad Verma,SELECT,3.3,"fast-paced,boring"
444,Dr. Zoe Jain,SCOPE,4.5,"project-based,engaging"
445,Dr. Kabir Sharma,SENSE,3.8,"theory-heavy,strict"
446,Dr. Anika Gupta,SCOPE,4.6,"good-notes,lenient-grading"
447,Dr. Ayaan Patel,SELECT,3.1,"tough-grader,boring"
448,Dr. Navya Kumar,SCOPE,4.4,"chill,project-based,helpful"
449,Dr. Krish Reddy,SENSE,3.5,"fast-paced,theory-heavy"
450,Dr. Pari Rao,SCOPE,4.7,"engaging,good-notes"
451,Dr. Rohan Nair,SELECT,3.6,"strict,boring"
452,Dr. Aisha Menon,SCOPE,4.1,"lenient-grading,helpful"
453,Dr. Aarav Iyer,SENSE,3.9,"fast-paced,strict"
454,Dr. Aanya Pillai,SCOPE,4.5,"project-based,engaging"
455,Dr. Vivaan Varma,SELECT,3.2,"tough-grader,theory-heavy"
456,Dr. Diya Joshi,SCOPE,4.6,"good-notes,helpful"
457,Dr. Aditya Mehta,SENSE,3.7,"boring,strict"
458,Dr. Ananya Ali,SCOPE,4.3,"chill,project-based"
459,Dr. Ishaan Khan,SELECT,3.4,"fast-paced,tough-grader"
460,Dr. Myra Desai,SCOPE,4.8,"engaging,lenient-grading"
461,Dr. Arjun Shah,SENSE,3.5,"theory-heavy,strict"
462,Dr. Siya Verma,SCOPE,4.2,"helpful,good-notes"
463,Dr. Reyansh Jain,SELECT,3.1,"boring,tough-grader"
464,Dr. Kiara Sharma,SCOPE,4.5,"project-based,engaging"
465,Dr. Vihaan Gupta,SENSE,3.8,"fast-paced,strict"
466,Dr. Tara Patel,SCOPE,4.6,"chill,lenient-grading"
467,Dr. Muhammad Kumar,SELECT,3.3,"theory-heavy,boring"
468,Dr. Zoe Reddy,SCOPE,4.4,"good-notes,project-based"
469,Dr. Kabir Rao,SENSE,3.6,"strict,tough-grader"
470,Dr. Anika Nair,SCOPE,4.7,"engaging,helpful"
471,Dr. Ayaan Menon,SELECT,3.5,"fast-paced,boring"
472,Dr. Navya Iyer,SCOPE,4.1,"lenient-grading,chill"
473,Dr. Krish Pillai,SENSE,3.9,"strict,theory-heavy"
474,Dr. Pari Varma,SCOPE,4.5,"project-based,good-notes"
475,Dr. Rohan Joshi,SELECT,3.2,"tough-grader,boring"
476,Dr. Aisha Mehta,SCOPE,4.6,"engaging,helpful"
477,Dr. Aryan Ali,SENSE,3.7,"fast-paced,strict"
478,Dr. Eva Khan,SCOPE,4.3,"chill,project-based"
479,Dr. Advik Desai,SELECT,3.4,"theory-heavy,boring"
480,Dr. Anvi Shah,SCOPE,4.8,"lenient-grading,engaging,good-notes"
481,Dr. Veer Verma,SENSE,3.6,"strict,tough-grader"
482,Dr. Zara Jain,SCOPE,4.2,"helpful,chill"
483,Dr. Sai Sharma,SELECT,3.3,"fast-paced,boring"
484,Dr. Shanaya Gupta,SCOPE,4.5,"project-based,engaging"
485,Dr. Zayan Patel,SENSE,3.8,"theory-heavy,strict"
486,Dr. Aadhya Kumar,SCOPE,4.6,"good-notes,lenient-grading"
487,Dr. Dhruv Reddy,SELECT,3.1,"tough-grader,boring"
488,Dr. Ira Rao,SCOPE,4.4,"chill,project-based,helpful"
489,Dr. Aarush Nair,SENSE,3.5,"fast-paced,theory-heavy"
490,Dr. Riya Menon,SCOPE,4.7,"engaging,good-notes"
491,Dr. Ishan Iyer,SELECT,3.6,"strict,boring"
492,Dr. Nia Pillai,SCOPE,4.1,"lenient-grading,helpful"
493,Dr. Om Varma,SENSE,3.9,"fast-paced,strict"
494,Dr. Anahita Joshi,SCOPE,4.5,"project-based,engaging"
495,Dr. Yuvraj Mehta,SELECT,3.2,"tough-grader,theory-heavy"
496,Dr. Samaira Ali,SCOPE,4.6,"good-notes,helpful"
497,Dr. Atharv Khan,SENSE,3.7,"boring,strict"
498,Dr. Alisha Desai,SCOPE,4.3,"chill,project-based"
499,Dr. Shaurya Shah,SELECT,3.4,"fast-paced,tough-grader"
500,Dr. Amaira Verma,SCOPE,4.8,"engaging,lenient-grading"
501,Dr. Yuvaan Jain,SENSE,3.5,"theory-heavy,strict"
502,Dr. Saanvi Sharma,SCOPE,4.2,"helpful,good-notes"
503,Dr. Armaan Gupta,SELECT,3.1,"boring,tough-grader"
504,Dr. Keya Patel,SCOPE,4.5,"project-based,engaging"
505,Dr. Vivaan Kumar,SENSE,3.8,"fast-paced,strict"
506,Dr. Aarya Reddy,SCOPE,4.6,"chill,lenient-grading"
507,Dr. Abeer Rao,SELECT,3.3,"theory-heavy,boring"
508,Dr. Myra Nair,SCOPE,4.4,"good-notes,project-based"
509,Dr. Neil Menon,SENSE,3.6,"strict,tough-grader"
510,Dr. Pehel Iyer,SCOPE,4.7,"engaging,helpful"
511,Dr. Ekansh Pillai,SELECT,3.5,"fast-paced,boring"
512,Dr. Ananya Varma,SCOPE,4.1,"lenient-grading,chill"
513,Dr. Ishaan Joshi,SENSE,3.9,"strict,theory-heavy"
514,Dr. Siya Mehta,SCOPE,4.5,"project-based,good-notes"
515,Dr. Reyansh Ali,SELECT,3.2,"tough-grader,boring"
516,Dr. Kiara Khan,SCOPE,4.6,"engaging,helpful"
517,Dr. Vihaan Desai,SENSE,3.7,"fast-paced,strict"
518,Dr. Tara Shah,SCOPE,4.3,"chill,project-based"
519,Dr. Muhammad Verma,SELECT,3.4,"theory-heavy,boring"
520,Dr. Zoe Jain,SCOPE,4.8,"lenient-grading,engaging,good-notes"
521,Dr. Aarav Singh,SENSE,3.3,"boring,strict,fast-paced"
522,Dr. Aanya Sharma,SCOPE,4.1,"chill,lenient-grading,helpful"
523,Dr. Vivaan Gupta,SELECT,4.7,"engaging,project-based,good-notes"
524,Dr. Diya Patel,SENSE,3.0,"tough-grader,boring,theory-heavy"
525,Dr. Aditya Kumar,SCOPE,4.4,"helpful,good-notes"
526,Dr. Ananya Reddy,SELECT,3.6,"fast-paced,strict"
527,Dr. Ishaan Rao,SCOPE,4.9,"lenient-grading,engaging"
528,Dr. Myra Nair,SENSE,3.4,"boring,theory-heavy"
529,Dr. Arjun Menon,SCOPE,4.0,"project-based,engaging,helpful"
530,Dr. Siya Iyer,SELECT,3.5,"strict,tough-grader"
531,Dr. Reyansh Pillai,SCOPE,4.6,"good-notes,chill"
532,Dr. Kiara Varma,SENSE,3.2,"theory-heavy,boring,fast-paced"
533,Dr. Vihaan Joshi,SCOPE,4.3,"helpful,lenient-grading"
534,Dr. Tara Mehta,SELECT,3.8,"strict,fast-paced"
535,Dr. Muhammad Ali,SCOPE,4.8,"engaging,good-notes"
536,Dr. Zoe Khan,SENSE,3.1,"tough-grader,boring"
537,Dr. Kabir Desai,SCOPE,4.2,"chill,project-based"
538,Dr. Anika Shah,SELECT,4.5,"lenient-grading,helpful"
539,Dr. Ayaan Verma,SENSE,3.3,"fast-paced,strict,theory-heavy"
540,Dr. Navya Jain,SCOPE,4.9,"good-notes,engaging,project-based"
541,Dr. Krish Sharma,SELECT,3.7,"boring,tough-grader"
542,Dr. Pari Gupta,SCOPE,4.4,"helpful,chill"
543,Dr. Rohan Patel,SENSE,3.0,"strict,theory-heavy"
544,Dr. Aisha Kumar,SCOPE,4.6,"project-based,lenient-grading"
545,Dr. Aryan Reddy,SELECT,3.5,"fast-paced,boring"
546,Dr. Eva Rao,SCOPE,4.7,"engaging,good-notes"
547,Dr. Advik Nair,SENSE,3.2,"tough-grader,strict"
548,Dr. Anvi Menon,SCOPE,4.1,"chill,helpful"
549,Dr. Veer Iyer,SELECT,3.8,"fast-paced,theory-heavy"
550,Dr. Zara Pillai,SCOPE,4.8,"lenient-grading,project-based"
551,Dr. Sai Varma,SENSE,3.4,"boring,strict"
552,Dr. Shanaya Joshi,SCOPE,4.5,"good-notes,engaging"
553,Dr. Zayan Mehta,SELECT,3.6,"tough-grader,fast-paced"
554,Dr. Aadhya Ali,SCOPE,4.9,"helpful,lenient-grading,project-based"
555,Dr. Dhruv Khan,SENSE,3.1,"theory-heavy,boring"
556,Dr. Ira Desai,SCOPE,4.3,"chill,project-based"
557,Dr. Aarush Shah,SELECT,4.6,"engaging,good-notes"
558,Dr. Riya Verma,SENSE,3.3,"strict,fast-paced"
559,Dr. Ishan Jain,SCOPE,4.7,"lenient-grading,helpful"
560,Dr. Nia Sharma,SELECT,3.7,"boring,theory-heavy"
561,Dr. Om Gupta,SENSE,4.2,"project-based,chill"
562,Dr. Anahita Patel,SCOPE,3.9,"strict,helpful"
563,Dr. Yuvraj Kumar,SELECT,4.8,"engaging,good-notes,lenient-grading"
564,Dr. Samaira Reddy,SENSE,3.2,"tough-grader,boring"
565,Dr. Atharv Rao,SCOPE,4.5,"helpful,project-based"
566,Dr. Alisha Nair,SELECT,3.5,"fast-paced,strict"
567,Dr. Shaurya Menon,SENSE,4.6,"good-notes,chill"
568,Dr. Amaira Iyer,SCOPE,3.4,"boring,theory-heavy"
569,Dr. Yuvaan Pillai,SELECT,4.7,"engaging,lenient-grading"
570,Dr. Saanvi Varma,SENSE,3.6,"tough-grader,strict"
571,Dr. Armaan Joshi,SCOPE,4.9,"helpful,project-based,good-notes"
572,Dr. Keya Mehta,SELECT,3.1,"boring,fast-paced"
573,Dr. Vivaan Ali,SENSE,4.4,"chill,lenient-grading"
574,Dr. Aarya Khan,SCOPE,3.8,"strict,theory-heavy"
575,Dr. Abeer Desai,SELECT,4.8,"engaging,good-notes"
576,Dr. Myra Shah,SENSE,3.3,"tough-grader,boring"
577,Dr. Neil Verma,SCOPE,4.5,"helpful,project-based"
578,Dr. Pehel Jain,SELECT,3.7,"fast-paced,strict"
579,Dr. Ekansh Sharma,SENSE,4.6,"good-notes,chill,engaging"
580,Dr. Ananya Gupta,SCOPE,3.2,"boring,theory-heavy"
581,Dr. Ishaan Patel,SELECT,4.7,"lenient-grading,helpful"
582,Dr. Siya Kumar,SENSE,3.5,"tough-grader,strict"
583,Dr. Reyansh Reddy,SCOPE,4.9,"engaging,project-based,good-notes"
584,Dr. Kiara Rao,SELECT,3.4,"fast-paced,boring"
585,Dr. Vihaan Nair,SENSE,4.8,"chill,lenient-grading"
586,Dr. Tara Menon,SCOPE,3.6,"strict,theory-heavy"
587,Dr. Muhammad Iyer,SELECT,4.7,"engaging,good-notes"
588,Dr. Zoe Pillai,SENSE,3.1,"tough-grader,boring"
589,Dr. Kabir Varma,SCOPE,4.5,"helpful,project-based"
590,Dr. Anika Joshi,SELECT,3.8,"fast-paced,strict"
591,Dr. Ayaan Mehta,SENSE,4.6,"good-notes,chill,engaging"
592,Dr. Navya Ali,SCOPE,3.3,"boring,theory-heavy"
593,Dr. Krish Khan,SELECT,4.8,"lenient-grading,helpful"
594,Dr. Pari Desai,SENSE,3.5,"tough-grader,strict"
5.95,Dr. Rohan Shah,SCOPE,4.9,"engaging,project-based,good-notes"
596.0,Dr. Aisha Verma,SELECT,3.2,"fast-paced,boring"
597.0,Dr. Aryan Jain,SENSE,4.7,"chill,lenient-grading"
598.0,Dr. Eva Sharma,SCOPE,3.6,"strict,theory-heavy"
599.0,Dr. Advik Gupta,SELECT,4.6,"engaging,good-notes"
600.0,Dr. Anvi Patel,SENSE,3.4,"tough-grader,boring"
601.0,Dr. Veer Kumar,SCOPE,4.5,"helpful,project-based"
602.0,Dr. Zara Reddy,SELECT,3.7,"fast-paced,strict"
603.0,Dr. Sai Rao,SENSE,4.8,"good-notes,chill,engaging"
604.0,Dr. Shanaya Nair,SCOPE,3.1,"boring,theory-heavy"
605.0,Dr. Zayan Menon,SELECT,4.7,"lenient-grading,helpful"
606.0,Dr. Aadhya Iyer,SENSE,3.5,"tough-grader,strict"
607.0,Dr. Dhruv Pillai,SCOPE,4.9,"engaging,project-based,good-notes"
608.0,Dr. Ira Varma,SELECT,3.3,"fast-paced,boring"
609.0,Dr. Aarush Joshi,SENSE,4.6,"chill,lenient-grading"
610.0,Dr. Riya Mehta,SCOPE,3.8,"strict,theory-heavy"
611.0,Dr. Ishan Ali,SELECT,4.5,"engaging,good-notes"
612.0,Dr. Nia Khan,SENSE,3.2,"tough-grader,boring"
613.0,Dr. Om Desai,SCOPE,4.7,"helpful,project-based"
614.0,Dr. Anahita Shah,SELECT,3.6,"fast-paced,strict"
615.0,Dr. Yuvraj Verma,SENSE,4.8,"good-notes,chill,engaging"
616.0,Dr. Samaira Jain,SCOPE,3.4,"boring,theory-heavy"
617.0,Dr. Atharv Sharma,SELECT,4.6,"lenient-grading,helpful"
618.0,Dr. Alisha Gupta,SENSE,3.7,"tough-grader,strict"
619.0,Dr. Shaurya Patel,SCOPE,4.9,"engaging,project-based,good-notes"
620.0,Dr. Amaira Kumar,SELECT,3.1,"fast-paced,boring"
621.0,Dr. Yuvaan Reddy,SENSE,4.7,"chill,lenient-grading"
622.0,Dr. Saanvi Rao,SCOPE,3.5,"strict,theory-heavy"
623.0,Dr. Armaan Nair,SELECT,4.5,"engaging,good-notes"
624.0,Dr. Keya Menon,SENSE,3.3,"tough-grader,boring"
625.0,Dr. Vivaan Iyer,SCOPE,4.8,"helpful,project-based"
626.0,Dr. Aarya Pillai,SELECT,3.8,"fast-paced,strict"
627.0,Dr. Abeer Varma,SENSE,4.6,"good-notes,chill,engaging"
628.0,Dr. Myra Joshi,SCOPE,3.2,"boring,theory-heavy"
629.0,Dr. Neil Mehta,SELECT,4.7,"lenient-grading,helpful"
630.0,Dr. Pehel Ali,SENSE,3.6,"tough-grader,strict"
631.0,Dr. Ekansh Khan,SCOPE,4.9,"engaging,project-based,good-notes"
632.0,Dr. Ananya Desai,SELECT,3.4,"fast-paced,boring"
633.0,Dr. Ishaan Shah,SENSE,4.5,"chill,lenient-grading"
634.0,Dr. Siya Verma,SCOPE,3.7,"strict,theory-heavy"
635.0,Dr. Reyansh Jain,SELECT,4.6,"engaging,good-notes"
636.0,Dr. Kiara Sharma,SENSE,3.1,"tough-grader,boring"
637.0,Dr. Vihaan Gupta,SCOPE,4.8,"helpful,project-based"
638.0,Dr. Tara Patel,SELECT,3.5,"fast-paced,strict"
639.0,Dr. Muhammad Kumar,SENSE,4.7,"good-notes,chill,engaging"
640.0,Dr. Zoe Reddy,SCOPE,3.3,"boring,theory-heavy"
641.0,Dr. Kabir Rao,SELECT,4.6,"lenient-grading,helpful"
642.0,Dr. Anika Nair,SENSE,3.8,"tough-grader,strict"
643.0,Dr. Ayaan Menon,SCOPE,4.9,"engaging,project-based,good-notes"
644.0,Dr. Navya Iyer,SELECT,3.2,"fast-paced,boring"
645.0,Dr. Krish Pillai,SENSE,4.5,"chill,lenient-grading"
646.0,Dr. Pari Varma,SCOPE,3.6,"strict,theory-heavy"
647.0,Dr. Rohan Joshi,SELECT,4.7,"engaging,good-notes"
648.0,Dr. Aisha Mehta,SENSE,3.4,"tough-grader,boring"
649.0,Dr. Aryan Ali,SCOPE,4.8,"helpful,project-based"
650.0,Dr. Eva Khan,SELECT,3.7,"fast-paced,strict"
651.0,Dr. Advik Desai,SENSE,4.6,"good-notes,chill,engaging"
652.0,Dr. Anvi Shah,SCOPE,3.1,"boring,theory-heavy"
653.0,Dr. Veer Verma,SELECT,4.7,"lenient-grading,helpful"
654.0,Dr. Zara Jain,SENSE,3.5,"tough-grader,strict"
655.0,Dr. Sai Sharma,SCOPE,4.9,"engaging,project-based,good-notes"
656.0,Dr. Shanaya Gupta,SELECT,3.3,"fast-paced,boring"
657.0,Dr. Zayan Patel,SENSE,4.5,"chill,lenient-grading"
658.0,Dr. Aadhya Kumar,SCOPE,3.8,"strict,theory-heavy"
659.0,Dr. Dhruv Reddy,SELECT,4.6,"engaging,good-notes"
660.0,Dr. Ira Rao,SENSE,3.2,"tough-grader,boring"
661.0,Dr. Aarush Nair,SCOPE,4.7,"helpful,project-based"
662.0,Dr. Riya Menon,SELECT,3.6,"fast-paced,strict"
663.0,Dr. Ishan Iyer,SENSE,4.8,"good-notes,chill,engaging"
664.0,Dr. Nia Pillai,SCOPE,3.4,"boring,theory-heavy"
665.0,Dr. Om Varma,SELECT,4.6,"lenient-grading,helpful"
666.0,Dr. Anahita Joshi,SENSE,3.7,"tough-grader,strict"
667.0,Dr. Yuvraj Mehta,SCOPE,4.9,"engaging,project-based,good-notes"
668.0,Dr. Samaira Ali,SELECT,3.1,"fast-paced,boring"
669.0,Dr. Atharv Khan,SENSE,4.7,"chill,lenient-grading"
670.0,Dr. Alisha Desai,SCOPE,3.5,"strict,theory-heavy"
671.0,Dr. Shaurya Shah,SELECT,4.5,"engaging,good-notes"
672.0,Dr. Amaira Verma,SENSE,3.3,"tough-grader,boring"
673.0,Dr. Yuvaan Jain,SCOPE,4.8,"helpful,project-based"
674.0,Dr. Saanvi Sharma,SELECT,3.8,"fast-paced,strict"
675.0,Dr. Armaan Gupta,SENSE,4.6,"good-notes,chill,engaging"
676.0,Dr. Keya Patel,SCOPE,3.2,"boring,theory-heavy"
677.0,Dr. Vivaan Kumar,SELECT,4.7,"lenient-grading,helpful"
678.0,Dr. Aarya Reddy,SENSE,3.6,"tough-grader,strict"
679.0,Dr. Abeer Rao,SCOPE,4.9,"engaging,project-based,good-notes"
680.0,Dr. Myra Nair,SELECT,3.4,"fast-paced,boring"
681.0,Dr. Neil Menon,SENSE,4.5,"chill,lenient-grading"
682.0,Dr. Pehel Iyer,SCOPE,3.7,"strict,theory-heavy"
683.0,Dr. Ekansh Pillai,SELECT,4.6,"engaging,good-notes"
684.0,Dr. Ananya Varma,SENSE,3.1,"tough-grader,boring"
685.0,Dr. Ishaan Joshi,SCOPE,4.8,"helpful,project-based"
686.0,Dr. Siya Mehta,SELECT,3.5,"fast-paced,strict"
687.0,Dr. Reyansh Ali,SENSE,4.7,"good-notes,chill,engaging"
688.0,Dr. Kiara Khan,SCOPE,3.3,"boring,theory-heavy"
689.0,Dr. Vihaan Desai,SELECT,4.6,"lenient-grading,helpful"
690.0,Dr. Tara Shah,SENSE,3.8,"tough-grader,strict"
691.0,Dr. Muhammad Verma,SCOPE,4.9,"engaging,project-based,good-notes"
692.0,Dr. Zoe Jain,SELECT,3.2,"fast-paced,boring"
693.0,Dr. Kabir Sharma,SENSE,4.5,"chill,lenient-grading"
694.0,Dr. Anika Gupta,SCOPE,3.6,"strict,theory-heavy"
695.0,Dr. Ayaan Patel,SELECT,4.7,"engaging,good-notes"
696.0,Dr. Navya Kumar,SENSE,3.4,"tough-grader,boring"
697.0,Dr. Krish Reddy,SCOPE,4.8,"helpful,project-based"
698.0,Dr. Pari Rao,SELECT,3.7,"fast-paced,strict"
699.0,Dr. Rohan Nair,SENSE,4.6,"good-notes,chill,engaging"
700.0,Dr. Aisha Menon,SCOPE,3.1,"boring,theory-heavy"
701.0,Dr. Aarav Iyer,SELECT,4.7,"lenient-grading,helpful"
702.0,Dr. Aanya Pillai,SENSE,3.5,"tough-grader,strict"
703.0,Dr. Vivaan Varma,SCOPE,4.9,"engaging,project-based,good-notes"
704.0,Dr. Diya Joshi,SELECT,3.3,"fast-paced,boring"
705.0,Dr. Aditya Mehta,SENSE,4.5,"chill,lenient-grading"
706.0,Dr. Ananya Ali,SCOPE,3.8,"strict,theory-heavy"
707.0,Dr. Ishaan Khan,SELECT,4.6,"engaging,good-notes"
708.0,Dr. Myra Desai,SENSE,3.2,"tough-grader,boring"
709.0,Dr. Arjun Shah,SCOPE,4.7,"helpful,project-based"
710.0,Dr. Siya Verma,SELECT,3.6,"fast-paced,strict"
711.0,Dr. Reyansh Jain,SENSE,4.8,"good-notes,chill,engaging"
712.0,Dr. Kiara Sharma,SCOPE,3.4,"boring,theory-heavy"
713.0,Dr. Vihaan Gupta,SELECT,4.6,"lenient-grading,helpful"
714.0,Dr. Tara Patel,SENSE,3.7,"tough-grader,strict"
715.0,Dr. Muhammad Kumar,SCOPE,4.9,"engaging,project-based,good-notes"
716.0,Dr. Zoe Reddy,SELECT,3.1,"fast-paced,boring"
717.0,Dr. Kabir Rao,SENSE,4.7,"chill,lenient-grading"
718.0,Dr. Anika Nair,SCOPE,3.5,"strict,theory-heavy"
719.0,Dr. Ayaan Menon,SELECT,4.5,"engaging,good-notes"
720.0,Dr. Navya Iyer,SENSE,3.3,"tough-grader,boring"
721.0,Dr. Krish Pillai,SCOPE,4.8,"helpful,project-based"
722.0,Dr. Pari Varma,SELECT,3.8,"fast-paced,strict"
723.0,Dr. Rohan Joshi,SENSE,4.6,"good-notes,chill,engaging"
724.0,Dr. Aisha Mehta,SCOPE,3.2,"boring,theory-heavy"
725.0,Dr. Aryan Ali,SELECT,4.7,"lenient-grading,helpful"
726.0,Dr. Eva Khan,SENSE,3.6,"tough-grader,strict"
727.0,Dr. Advik Desai,SCOPE,4.9,"engaging,project-based,good-notes"
728.0,Dr. Anvi Shah,SELECT,3.4,"fast-paced,boring"
729.0,Dr. Veer Verma,SENSE,4.5,"chill,lenient-grading"
730.0,Dr. Zara Jain,SCOPE,3.7,"strict,theory-heavy"
731.0,Dr. Sai Sharma,SELECT,4.6,"engaging,good-notes"
732.0,Dr. Shanaya Gupta,SENSE,3.1,"tough-grader,boring"
733.0,Dr. Zayan Patel,SCOPE,4.8,"helpful,project-based"
734.0,Dr. Aadhya Kumar,SELECT,3.5,"fast-paced,strict"
735.0,Dr. Dhruv Reddy,SENSE,4.7,"good-notes,chill,engaging"
736.0,Dr. Ira Rao,SCOPE,3.3,"boring,theory-heavy"
737.0,Dr. Aarush Nair,SELECT,4.6,"lenient-grading,helpful"
738.0,Dr. Riya Menon,SENSE,3.8,"tough-grader,strict"
739.0,Dr. Ishan Iyer,SCOPE,4.9,"engaging,project-based,good-notes"
740.0,Dr. Nia Pillai,SELECT,3.2,"fast-paced,boring"
741.0,Dr. Om Varma,SENSE,4.5,"chill,lenient-grading"
742.0,Dr. Anahita Joshi,SCOPE,3.6,"strict,theory-heavy"
743.0,Dr. Yuvraj Mehta,SELECT,4.7,"engaging,good-notes"
744.0,Dr. Samaira Ali,SENSE,3.4,"tough-grader,boring"
745.0,Dr. Atharv Khan,SCOPE,4.8,"helpful,project-based"
746.0,Dr. Alisha Desai,SELECT,3.7,"fast-paced,strict"
747.0,Dr. Shaurya Shah,SENSE,4.6,"good-notes,chill,engaging"
748.0,Dr. Amaira Verma,SCOPE,3.1,"boring,theory-heavy"
749.0,Dr. Yuvaan Jain,SELECT,4.7,"lenient-grading,helpful"
750.0,Dr. Saanvi Sharma,SENSE,3.5,"tough-grader,strict"
751.0,Dr. Armaan Gupta,SCOPE,4.9,"engaging,project-based,good-notes"
752.0,Dr. Keya Patel,SELECT,3.3,"fast-paced,boring"
753.0,Dr. Vivaan Kumar,SENSE,4.5,"chill,lenient-grading"
754.0,Dr. Aarya Reddy,SCOPE,3.8,"strict,theory-heavy"
755.0,Dr. Abeer Rao,SELECT,4.6,"engaging,good-notes"
756.0,Dr. Myra Nair,SENSE,3.2,"tough-grader,boring"
757.0,Dr. Neil Menon,SCOPE,4.7,"helpful,project-based"
758.0,Dr. Pehel Iyer,SELECT,3.6,"fast-paced,strict"
759.0,Dr. Ekansh Pillai,SENSE,4.8,"good-notes,chill,engaging"
760.0,Dr. Ananya Varma,SCOPE,3.4,"boring,theory-heavy"
761.0,Dr. Ishaan Joshi,SELECT,4.6,"lenient-grading,helpful"
762.0,Dr. Siya Mehta,SENSE,3.7,"tough-grader,strict"
763.0,Dr. Reyansh Ali,SCOPE,4.9,"engaging,project-based,good-notes"
764.0,Dr. Kiara Khan,SELECT,3.1,"fast-paced,boring"
765.0,Dr. Vihaan Desai,SENSE,4.7,"chill,lenient-grading"
766.0,Dr. Tara Shah,SCOPE,3.5,"strict,theory-heavy"
767.0,Dr. Muhammad Verma,SELECT,4.5,"engaging,good-notes"
768.0,Dr. Zoe Jain,SENSE,3.3,"tough-grader,boring"
769.0,Dr. Kabir Sharma,SCOPE,4.8,"helpful,project-based"
770.0,Dr. Anika Gupta,SELECT,3.8,"fast-paced,strict"
771.0,Dr. Ayaan Patel,SENSE,4.6,"good-notes,chill,engaging"
772.0,Dr. Navya Kumar,SCOPE,3.2,"boring,theory-heavy"
773.0,Dr. Krish Reddy,SELECT,4.7,"lenient-grading,helpful"
774.0,Dr. Pari Rao,SENSE,3.6,"tough-grader,strict"
775.0,Dr. Rohan Nair,SCOPE,4.9,"engaging,project-based,good-notes"
776.0,Dr. Aisha Menon,SELECT,3.4,"fast-paced,boring"
777.0,Dr. Aarav Iyer,SENSE,4.5,"chill,lenient-grading"
778.0,Dr. Aanya Pillai,SCOPE,3.7,"strict,theory-heavy"
779.0,Dr. Vivaan Varma,SELECT,4.6,"engaging,good-notes"
780.0,Dr. Diya Joshi,SENSE,3.1,"tough-grader,boring"
781.0,Dr. Aditya Mehta,SCOPE,4.8,"helpful,project-based"
782.0,Dr. Ananya Ali,SELECT,3.5,"fast-paced,strict"
783.0,Dr. Ishaan Khan,SENSE,4.7,"good-notes,chill,engaging"
784.0,Dr. Myra Desai,SCOPE,3.3,"boring,theory-heavy"
785.0,Dr. Arjun Shah,SELECT,4.6,"lenient-grading,helpful"
786.0,Dr. Siya Verma,SENSE,3.8,"tough-grader,strict"
787.0,Dr. Reyansh Jain,SCOPE,4.9,"engaging,project-based,good-notes"
788.0,Dr. Kiara Sharma,SELECT,3.2,"fast-paced,boring"
789.0,Dr. Vihaan Gupta,SENSE,4.5,"chill,lenient-grading"
790.0,Dr. Tara Patel,SCOPE,3.6,"strict,theory-heavy"
791.0,Dr. Muhammad Kumar,SELECT,4.7,"engaging,good-notes"
792.0,Dr. Zoe Reddy,SENSE,3.4,"tough-grader,boring"
793.0,Dr. Kabir Rao,SCOPE,4.8,"helpful,project-based"
794.0,Dr. Anika Nair,SELECT,3.7,"fast-paced,strict"
795.0,Dr. Ayaan Menon,SENSE,4.6,"good-notes,chill,engaging"
796.0,Dr. Navya Iyer,SCOPE,3.1,"boring,theory-heavy"
797.0,Dr. Krish Pillai,SELECT,4.7,"lenient-grading,helpful"
798.0,Dr. Pari Varma,SENSE,3.5,"tough-grader,strict"
799.0,Dr. Rohan Joshi,SCOPE,4.9,"engaging,project-based,good-notes"
800.0,Dr. Aisha Mehta,SELECT,3.3,"fast-paced,boring"
801.0,Dr. Aryan Ali,SENSE,4.5,"chill,lenient-grading"
802.0,Dr. Eva Khan,SCOPE,3.8,"strict,theory-heavy"
803.0,Dr. Advik Desai,SELECT,4.6,"engaging,good-notes"
804.0,Dr. Anvi Shah,SENSE,3.2,"tough-grader,boring"
805.0,Dr. Veer Verma,SCOPE,4.7,"helpful,project-based"
806.0,Dr. Zara Jain,SELECT,3.6,"fast-paced,strict"
807.0,Dr. Sai Sharma,SENSE,4.8,"good-notes,chill,engaging"
808.0,Dr. Shanaya Gupta,SCOPE,3.4,"boring,theory-heavy"
809.0,Dr. Zayan Patel,SELECT,4.6,"lenient-grading,helpful"
810.0,Dr. Aadhya Kumar,SENSE,3.7,"tough-grader,strict"
811.0,Dr. Dhruv Reddy,SCOPE,4.9,"engaging,project-based,good-notes"
812.0,Dr. Ira Rao,SELECT,3.1,"fast-paced,boring"
813.0,Dr. Aarush Nair,SENSE,4.7,"chill,lenient-grading"
814.0,Dr. Riya Menon,SCOPE,3.5,"strict,theory-heavy"
815.0,Dr. Ishan Iyer,SELECT,4.5,"engaging,good-notes"
816.0,Dr. Nia Pillai,SENSE,3.3,"tough-grader,boring"
817.0,Dr. Om Varma,SCOPE,4.8,"helpful,project-based"
818.0,Dr. Anahita Joshi,SELECT,3.8,"fast-paced,strict"
819.0,Dr. Yuvraj Mehta,SENSE,4.6,"good-notes,chill,engaging"
820.0,Dr. Samaira Ali,SCOPE,3.2,"boring,theory-heavy"
821.0,Dr. Atharv Khan,SELECT,4.7,"lenient-grading,helpful"
822.0,Dr. Alisha Desai,SENSE,3.6,"tough-grader,strict"
823.0,Dr. Shaurya Shah,SCOPE,4.9,"engaging,project-based,good-notes"
824.0,Dr. Amaira Verma,SELECT,3.4,"fast-paced,boring"
825.0,Dr. Yuvaan Jain,SENSE,4.5,"chill,lenient-grading"
826.0,Dr. Saanvi Sharma,SCOPE,3.7,"strict,theory-heavy"
827.0,Dr. Armaan Gupta,SELECT,4.6,"engaging,good-notes"
828.0,Dr. Keya Patel,SENSE,3.1,"tough-grader,boring"
829.0,Dr. Vivaan Kumar,SCOPE,4.8,"helpful,project-based"
830.0,Dr. Aarya Reddy,SELECT,3.5,"fast-paced,strict"
831.0,Dr. Abeer Rao,SENSE,4.7,"good-notes,chill,engaging"
832.0,Dr. Myra Nair,SCOPE,3.3,"boring,theory-heavy"
833.0,Dr. Neil Menon,SELECT,4.6,"lenient-grading,helpful"
834.0,Dr. Pehel Iyer,SENSE,3.8,"tough-grader,strict"
835.0,Dr. Ekansh Pillai,SCOPE,4.9,"engaging,project-based,good-notes"
836.0,Dr. Ananya Varma,SELECT,3.2,"fast-paced,boring"
837.0,Dr. Ishaan Joshi,SENSE,4.5,"chill,lenient-grading"
838.0,Dr. Siya Mehta,SCOPE,3.6,"strict,theory-heavy"
839.0,Dr. Reyansh Ali,SELECT,4.7,"engaging,good-notes"
840.0,Dr. Kiara Khan,SENSE,3.4,"tough-grader,boring"
841.0,Dr. Vihaan Desai,SCOPE,4.8,"helpful,project-based"
842.0,Dr. Tara Shah,SELECT,3.7,"fast-paced,strict"
843.0,Dr. Muhammad Verma,SENSE,4.6,"good-notes,chill,engaging"
844.0,Dr. Zoe Jain,SCOPE,3.1,"boring,theory-heavy"
845.0,Dr. Kabir Sharma,SELECT,4.7,"lenient-grading,helpful"
846.0,Dr. Anika Gupta,SENSE,3.5,"tough-grader,strict"
847.0,Dr. Ayaan Patel,SCOPE,4.9,"engaging,project-based,good-notes"
848.0,Dr. Navya Kumar,SELECT,3.3,"fast-paced,boring"
849.0,Dr. Krish Reddy,SENSE,4.5,"chill,lenient-grading"
850.0,Dr. Pari Rao,SCOPE,3.8,"strict,theory-heavy"
851.0,Dr. Rohan Nair,SELECT,4.6,"engaging,good-notes"
852.0,Dr. Aisha Menon,SENSE,3.2,"tough-grader,boring"
853.0,Dr. Aarav Iyer,SCOPE,4.7,"helpful,project-based"
854.0,Dr. Aanya Pillai,SELECT,3.6,"fast-paced,strict"
855.0,Dr. Vivaan Varma,SENSE,4.8,"good-notes,chill,engaging"
856.0,Dr. Diya Joshi,SCOPE,3.4,"boring,theory-heavy"
857.0,Dr. Aditya Mehta,SELECT,4.6,"lenient-grading,helpful"
858.0,Dr. Ananya Ali,SENSE,3.7,"tough-grader,strict"
859.0,Dr. Ishaan Khan,SCOPE,4.9,"engaging,project-based,good-notes"
860.0,Dr. Myra Desai,SELECT,3.1,"fast-paced,boring"
861.0,Dr. Arjun Shah,SENSE,4.7,"chill,lenient-grading"
862.0,Dr. Siya Verma,SCOPE,3.5,"strict,theory-heavy"
863.0,Dr. Reyansh Jain,SELECT,4.5,"engaging,good-notes"
864.0,Dr. Kiara Sharma,SENSE,3.3,"tough-grader,boring"
865.0,Dr. Vihaan Gupta,SCOPE,4.8,"helpful,project-based"
866.0,Dr. Tara Patel,SELECT,3.8,"fast-paced,strict"
867.0,Dr. Muhammad Kumar,SENSE,4.6,"good-notes,chill,engaging"
868.0,Dr. Zoe Reddy,SCOPE,3.2,"boring,theory-heavy"
869.0,Dr. Kabir Rao,SELECT,4.7,"lenient-grading,helpful"
870.0,Dr. Anika Nair,SENSE,3.6,"tough-grader,strict"
871.0,Dr. Ayaan Menon,SCOPE,4.9,"engaging,project-based,good-notes"
872.0,Dr. Navya Iyer,SELECT,3.4,"fast-paced,boring"
873.0,Dr. Krish Pillai,SENSE,4.5,"chill,lenient-grading"
874.0,Dr. Pari Varma,SCOPE,3.7,"strict,theory-heavy"
875.0,Dr. Rohan Joshi,SELECT,4.6,"engaging,good-notes"
876.0,Dr. Aisha Mehta,SENSE,3.1,"tough-grader,boring"
877.0,Dr. Aryan Ali,SCOPE,4.8,"helpful,project-based"
878.0,Dr. Eva Khan,SELECT,3.5,"fast-paced,strict"
879.0,Dr. Advik Desai,SENSE,4.7,"good-notes,chill,engaging"
880.0,Dr. Anvi Shah,SCOPE,3.3,"boring,theory-heavy"
881.0,Dr. Veer Verma,SELECT,4.6,"lenient-grading,helpful"
882.0,Dr. Zara Jain,SENSE,3.8,"tough-grader,strict"
883.0,Dr. Sai Sharma,SCOPE,4.9,"engaging,project-based,good-notes"
884.0,Dr. Shanaya Gupta,SELECT,3.2,"fast-paced,boring"
885.0,Dr. Zayan Patel,SENSE,4.5,"chill,lenient-grading"
886.0,Dr. Aadhya Kumar,SCOPE,3.6,"strict,theory-heavy"
887.0,Dr. Dhruv Reddy,SELECT,4.7,"engaging,good-notes"
888.0,Dr. Ira Rao,SENSE,3.4,"tough-grader,boring"
889.0,Dr. Aarush Nair,SCOPE,4.8,"helpful,project-based"
890.0,Dr. Riya Menon,SELECT,3.7,"fast-paced,strict"
891.0,Dr. Ishan Iyer,SENSE,4.6,"good-notes,chill,engaging"
892.0,Dr. Nia Pillai,SCOPE,3.1,"boring,theory-heavy"
893.0,Dr. Om Varma,SELECT,4.7,"lenient-grading,helpful"
894.0,Dr. Anahita Joshi,SENSE,3.5,"tough-grader,strict"
895.0,Dr. Yuvraj Mehta,SCOPE,4.9,"engaging,project-based,good-notes"
896.0,Dr. Samaira Ali,SELECT,3.3,"fast-paced,boring"
897.0,Dr. Atharv Khan,SENSE,4.5,"chill,lenient-grading"
898.0,Dr. Alisha Desai,SCOPE,3.8,"strict,theory-heavy"
899.0,Dr. Shaurya Shah,SELECT,4.6,"engaging,good-notes"
900.0,Dr. Amaira Verma,SENSE,3.2,"tough-grader,boring"
901.0,Dr. Yuvaan Jain,SCOPE,4.7,"helpful,project-based"
902.0,Dr. Saanvi Sharma,SELECT,3.6,"fast-paced,strict"
903.0,Dr. Armaan Gupta,SENSE,4.8,"good-notes,chill,engaging"
904.0,Dr. Keya Patel,SCOPE,3.4,"boring,theory-heavy"
905.0,Dr. Vivaan Kumar,SELECT,4.6,"lenient-grading,helpful"
906.0,Dr. Aarya Reddy,SENSE,3.7,"tough-grader,strict"
907.0,Dr. Abeer Rao,SCOPE,4.9,"engaging,project-based,good-notes"
908.0,Dr. Myra Nair,SELECT,3.1,"fast-paced,boring"
909.0,Dr. Neil Menon,SENSE,4.7,"chill,lenient-grading"
910.0,Dr. Pehel Iyer,SCOPE,3.5,"strict,theory-heavy"
911.0,Dr. Ekansh Pillai,SELECT,4.5,"engaging,good-notes"
912.0,Dr. Ananya Varma,SENSE,3.3,"tough-grader,boring"
913.0,Dr. Ishaan Joshi,SCOPE,4.8,"helpful,project-based"
914.0,Dr. Siya Mehta,SELECT,3.8,"fast-paced,strict"
915.0,Dr. Reyansh Ali,SENSE,4.6,"good-notes,chill,engaging"
916.0,Dr. Kiara Khan,SCOPE,3.2,"boring,theory-heavy"
917.0,Dr. Vihaan Desai,SELECT,4.7,"lenient-grading,helpful"
918.0,Dr. Tara Shah,SENSE,3.6,"tough-grader,strict"
919.0,Dr. Muhammad Verma,SCOPE,4.9,"engaging,project-based,good-notes"
920.0,Dr. Zoe Jain,SELECT,3.4,"fast-paced,boring"
921.0,Dr. Kabir Sharma,SENSE,4.5,"chill,lenient-grading"
922.0,Dr. Anika Gupta,SCOPE,3.7,"strict,theory-heavy"
923.0,Dr. Ayaan Patel,SELECT,4.6,"engaging,good-notes"
924.0,Dr. Navya Kumar,SENSE,3.1,"tough-grader,boring"
925.0,Dr. Krish Reddy,SCOPE,4.8,"helpful,project-based"
926.0,Dr. Pari Rao,SELECT,3.5,"fast-paced,strict"
927.0,Dr. Rohan Nair,SENSE,4.7,"good-notes,chill,engaging"
928.0,Dr. Aisha Menon,SCOPE,3.3,"boring,theory-heavy"
929.0,Dr. Aarav Iyer,SELECT,4.6,"lenient-grading,helpful"
930.0,Dr. Aanya Pillai,SENSE,3.8,"tough-grader,strict"
931.0,Dr. Vivaan Varma,SCOPE,4.9,"engaging,project-based,good-notes"
932.0,Dr. Diya Joshi,SELECT,3.2,"fast-paced,boring"
933.0,Dr. Aditya Mehta,SENSE,4.5,"chill,lenient-grading"
934.0,Dr. Ananya Ali,SCOPE,3.6,"strict,theory-heavy"
935.0,Dr. Ishaan Khan,SELECT,4.7,"engaging,good-notes"
936.0,Dr. Myra Desai,SENSE,3.4,"tough-grader,boring"
937.0,Dr. Arjun Shah,SCOPE,4.8,"helpful,project-based"
938.0,Dr. Siya Verma,SELECT,3.7,"fast-paced,strict"
939.0,Dr. Reyansh Jain,SENSE,4.6,"good-notes,chill,engaging"
940.0,Dr. Kiara Sharma,SCOPE,3.1,"boring,theory-heavy"
941.0,Dr. Vihaan Gupta,SELECT,4.7,"lenient-grading,helpful"
942.0,Dr. Tara Patel,SENSE,3.5,"tough-grader,strict"
943.0,Dr. Muhammad Kumar,SCOPE,4.9,"engaging,project-based,good-notes"
944.0,Dr. Zoe Reddy,SELECT,3.3,"fast-paced,boring"
945.0,Dr. Kabir Rao,SENSE,4.5,"chill,lenient-grading"
946.0,Dr. Anika Nair,SCOPE,3.8,"strict,theory-heavy"
947.0,Dr. Ayaan Menon,SELECT,4.6,"engaging,good-notes"
948.0,Dr. Navya Iyer,SENSE,3.2,"tough-grader,boring"
949.0,Dr. Krish Pillai,SCOPE,4.7,"helpful,project-based"
950.0,Dr. Pari Varma,SELECT,3.6,"fast-paced,strict"
951.0,Dr. Rohan Joshi,SENSE,4.8,"good-notes,chill,engaging"
952.0,Dr. Aisha Mehta,SCOPE,3.4,"boring,theory-heavy"
953.0,Dr. Aryan Ali,SELECT,4.6,"lenient-grading,helpful"
954.0,Dr. Eva Khan,SENSE,3.7,"tough-grader,strict"
955.0,Dr. Advik Desai,SCOPE,4.9,"engaging,project-based,good-notes"
956.0,Dr. Anvi Shah,SELECT,3.1,"fast-paced,boring"
957.0,Dr. Veer Verma,SENSE,4.7,"chill,lenient-grading"
958.0,Dr. Zara Jain,SCOPE,3.5,"strict,theory-heavy"
959.0,Dr. Sai Sharma,SELECT,4.5,"engaging,good-notes"
960.0,Dr. Shanaya Gupta,SENSE,3.3,"tough-grader,boring"
961.0,Dr. Zayan Patel,SCOPE,4.8,"helpful,project-based"
962.0,Dr. Aadhya Kumar,SELECT,3.8,"fast-paced,strict"
963.0,Dr. Dhruv Reddy,SENSE,4.6,"good-notes,chill,engaging"
964.0,Dr. Ira Rao,SCOPE,3.2,"boring,theory-heavy"
965.0,Dr. Aarush Nair,SELECT,4.7,"lenient-grading,helpful"
966.0,Dr. Riya Menon,SENSE,3.6,"tough-grader,strict"
967.0,Dr. Ishan Iyer,SCOPE,4.9,"engaging,project-based,good-notes"
968.0,Dr. Nia Pillai,SELECT,3.4,"fast-paced,boring"
969.0,Dr. Om Varma,SENSE,4.5,"chill,lenient-grading"
970.0,Dr. Anahita Joshi,SCOPE,3.7,"strict,theory-heavy"
971.0,Dr. Yuvraj Mehta,SELECT,4.6,"engaging,good-notes"
972.0,Dr. Samaira Ali,SENSE,3.1,"tough-grader,boring"
973.0,Dr. Atharv Khan,SCOPE,4.8,"helpful,project-based"
974.0,Dr. Alisha Desai,SELECT,3.5,"fast-paced,strict"
975.0,Dr. Shaurya Shah,SENSE,4.7,"good-notes,chill,engaging"
976.0,Dr. Amaira Verma,SCOPE,3.3,"boring,theory-heavy"
977.0,Dr. Yuvaan Jain,SELECT,4.6,"lenient-grading,helpful"
978.0,Dr. Saanvi Sharma,SENSE,3.8,"tough-grader,strict"
979.0,Dr. Armaan Gupta,SCOPE,4.9,"engaging,project-based,good-notes"
980.0,Dr. Keya Patel,SELECT,3.2,"fast-paced,boring"
981.0,Dr. Vivaan Kumar,SENSE,4.5,"chill,lenient-grading"
982.0,Dr. Aarya Reddy,SCOPE,3.6,"strict,theory-heavy"
983.0,Dr. Abeer Rao,SELECT,4.7,"engaging,good-notes"
984.0,Dr. Myra Nair,SENSE,3.4,"tough-grader,boring"
985.0,Dr. Neil Menon,SCOPE,4.8,"helpful,project-based"
986.0,Dr. Pehel Iyer,SELECT,3.7,"fast-paced,strict"
987.0,Dr. Ekansh Pillai,SENSE,4.6,"good-notes,chill,engaging"
988.0,Dr. Ananya Varma,SCOPE,3.1,"boring,theory-heavy"
989.0,Dr. Ishaan Joshi,SELECT,4.7,"lenient-grading,helpful"
990.0,Dr. Siya Mehta,SENSE,3.5,"tough-grader,strict"
991.0,Dr. Reyansh Ali,SCOPE,4.9,"engaging,project-based,good-notes"
992.0,Dr. Kiara Khan,SELECT,3.3,"fast-paced,boring"
993.0,Dr. Vihaan Desai,SENSE,4.5,"chill,lenient-grading"
994.0,Dr. Tara Shah,SCOPE,3.8,"strict,theory-heavy"
995.0,Dr. Muhammad Verma,SELECT,4.6,"engaging,good-notes"
996.0,Dr. Zoe Jain,SENSE,3.2,"tough-grader,boring"
997.0,Dr. Kabir Sharma,SCOPE,4.7,"helpful,project-based"
998.0,Dr. Anika Gupta,SELECT,3.6,"fast-paced,strict"
999.0,Dr. Ayaan Patel,SENSE,4.8,"good-notes,chill,engaging"
1000.0,Dr. Navya Kumar,SCOPE,3.4,"boring,theory-heavy"
1001.0,Dr. Krish Reddy,SELECT,4.6,"lenient-grading,helpful"
1002.0,Dr. Pari Rao,SENSE,3.7,"tough-grader,strict"
1003.0,Dr. Rohan Nair,SCOPE,4.9,"engaging,project-based,good-notes"
1004.0,Dr. Aisha Menon,SELECT,3.1,"fast-paced,boring"
1005.0,Dr. Aarav Iyer,SENSE,4.7,"chill,lenient-grading"
1006.0,Dr. Aanya Pillai,SCOPE,3.5,"strict,theory-heavy"
1007.0,Dr. Vivaan Varma,SELECT,4.5,"engaging,good-notes"
1008.0,Dr. Diya Joshi,SENSE,3.3,"tough-grader,boring"
1009.0,Dr. Aditya Mehta,SCOPE,4.8,"helpful,project-based"
1010.0,Dr. Ananya Ali,SELECT,3.8,"fast-paced,strict"
1011.0,Dr. Ishaan Khan,SENSE,4.6,"good-notes,chill,engaging"
1012.0,Dr. Myra Desai,SCOPE,3.2,"boring,theory-heavy"
1013.0,Dr. Arjun Shah,SELECT,4.7,"lenient-grading,helpful"
1014.0,Dr. Siya Verma,SENSE,3.6,"tough-grader,strict"
1015.0,Dr. Reyansh Jain,SCOPE,4.9,"engaging,project-based,good-notes"
1016.0,Dr. Kiara Sharma,SELECT,3.4,"fast-paced,boring"
1017.0,Dr. Vihaan Gupta,SENSE,4.5,"chill,lenient-grading"
1018.0,Dr. Tara Patel,SCOPE,3.7,"strict,theory-heavy"
1019.0,Dr. Muhammad Kumar,SELECT,4.6,"engaging,good-notes"
1020.0,Dr. Zoe Reddy,SENSE,3.1,"tough-grader,boring"
