faculty_id,faculty_name,department,rating,tag_boring,tag_chill,tag_engaging,tag_fast-paced,tag_good-notes,tag_helpful,tag_lenient-grading,tag_project-based,tag_strict,tag_theory-heavy,tag_tough-grader
101.0,Dr. Anand R.,SCOPE,4.3,0,1,0,0,1,0,0,1,0,0,0
102.0,Dr. Priya K.,SCOPE,4.8,0,0,0,0,0,0,0,0,1,1,1
103.0,Dr. Suresh M.,SELECT,3.9,0,0,0,0,0,1,0,0,1,0,0
104.0,Dr. Karthik S.,SCOPE,4.1,0,0,1,0,0,1,0,0,0,0,0
105.0,Dr. Meena L.,SENSE,4.6,0,0,0,0,1,1,0,0,0,0,0
106.0,Dr. Rajan P.,SCOPE,3.5,0,0,0,0,0,0,0,0,1,1,1
107.0,Dr. Geetha V.,SELECT,4.2,0,0,1,0,0,0,0,1,0,0,0
108.0,Dr. Kumar B.,SENSE,3.7,1,0,0,1,0,0,0,0,0,0,0
109.0,Dr. Divya S.,SCOPE,4.9,0,0,1,0,0,1,1,0,0,0,0
110.0,Dr. Balaji G.,SELECT,3.2,1,0,0,0,0,0,0,0,1,0,0
111.0,Dr. Lakshmi N.,SENSE,4.4,0,0,0,0,1,0,0,1,0,0,0
112.0,Dr. Mohan R.,SCOPE,4.1,0,1,0,0,0,0,1,0,0,0,0
113.0,Dr. Revathi P.,SELECT,3.6,0,0,0,1,0,0,0,0,0,1,0
114.0,Dr. Saravanan K.,SENSE,3.9,0,0,0,0,0,1,0,0,1,0,0
115.0,Dr. Usha M.,SCOPE,4.7,0,0,1,0,1,0,0,1,0,0,0
116.0,Dr. Venkatesh S.,SELECT,3.3,1,0,0,0,0,0,0,0,0,0,1
117.0,Dr. Vidya R.,SENSE,4.5,0,1,0,0,0,1,0,0,0,0,0
118.0,Dr. Krishnan V.,SCOPE,4.5,0,0,1,0,1,0,0,1,0,0,0
119.0,Dr. Malini S.,SELECT,3.8,0,0,0,1,0,0,0,0,0,1,0
120.0,Dr. Prabhu G.,SENSE,4.2,0,0,0,0,0,1,1,0,0,0,0
121.0,Dr. Aarav Singh,SCOPE,3.5,1,0,0,1,0,0,0,0,0,0,0
122.0,Dr. Aanya Sharma,SENSE,4.2,0,0,1,0,0,1,0,1,0,0,0
123.0,Dr. Vivaan Gupta,SELECT,3.1,0,0,0,0,0,0,0,0,1,0,1
124.0,Dr. Diya Patel,SCOPE,4.8,0,0,1,0,1,0,1,0,0,0,0
125.0,Dr. Aditya Kumar,SENSE,3.6,0,0,0,1,0,0,0,0,0,1,0
126.0,Dr. Ananya Reddy,SCOPE,4.5,0,0,0,0,0,1,0,1,0,0,0
127.0,Dr. Ishaan Rao,SELECT,3.4,1,0,0,0,0,0,0,0,1,0,0
128.0,Dr. Myra Nair,SCOPE,4.1,0,1,0,0,0,1,0,0,0,0,0
129.0,Dr. Arjun Menon,SENSE,3.8,0,0,0,1,0,0,0,0,1,0,0
130.0,Dr. Siya Iyer,SCOPE,4.6,0,0,1,0,1,0,0,0,0,0,0
131.0,Dr. Reyansh Pillai,SELECT,3.2,0,0,0,0,0,0,0,0,0,1,1
132.0,Dr. Kiara Varma,SCOPE,4.3,0,0,0,0,0,0,1,1,0,0,0
133.0,Dr. Vihaan Joshi,SENSE,3.7,1,0,0,0,0,0,0,0,1,0,0
134.0,Dr. Tara Mehta,SCOPE,4.7,0,0,0,0,1,1,0,0,0,0,0
135.0,Dr. Muhammad Ali,SELECT,3.5,0,0,0,1,0,0,0,0,0,0,1
136.0,Dr. Zoe Khan,SCOPE,4.2,0,1,0,0,0,0,0,1,0,0,0
137.0,Dr. Kabir Desai,SENSE,3.9,0,0,0,0,0,1,0,0,1,0,0
138.0,Dr. Anika Shah,SCOPE,4.5,0,0,1,0,0,0,1,0,0,0,0
139.0,Dr. Ayaan Verma,SELECT,3.3,1,0,0,0,0,0,0,0,0,1,0
140.0,Dr. Navya Jain,SCOPE,4.8,0,0,0,0,1,0,0,1,0,0,0
141.0,Dr. Krish Sharma,SENSE,3.6,0,0,0,1,0,0,0,0,1,0,0
142.0,Dr. Pari Gupta,SCOPE,4.3,0,1,0,0,0,1,0,0,0,0,0
143.0,Dr. Rohan Patel,SELECT,3.1,1,0,0,0,0,0,0,0,0,0,1
144.0,Dr. Aisha Kumar,SCOPE,4.6,0,0,1,0,1,0,0,0,0,0,0
145.0,Dr. Aryan Reddy,SENSE,3.8,0,0,0,0,0,0,0,0,1,1,0
146.0,Dr. Eva Rao,SCOPE,4.4,0,0,0,0,0,0,1,1,0,0,0
147.0,Dr. Advik Nair,SELECT,3.4,1,0,0,1,0,0,0,0,0,0,0
148.0,Dr. Anvi Menon,SCOPE,4.2,0,1,1,0,0,0,0,0,0,0,0
149.0,Dr. Veer Iyer,SENSE,3.7,0,0,0,0,0,0,0,0,1,0,1
150.0,Dr. Zara Pillai,SCOPE,4.7,0,0,0,0,1,1,0,1,0,0,0
151.0,Dr. Sai Varma,SELECT,3.5,1,0,0,0,0,0,0,0,0,1,0
152.0,Dr. Shanaya Joshi,SCOPE,4.1,0,1,0,0,0,0,1,0,0,0,0
153.0,Dr. Zayan Mehta,SENSE,3.9,0,0,0,1,0,0,0,0,1,0,0
154.0,Dr. Aadhya Ali,SCOPE,4.5,0,0,1,0,0,0,0,1,0,0,0
155.0,Dr. Dhruv Khan,SELECT,3.2,1,0,0,0,0,0,0,0,0,0,1
156.0,Dr. Ira Desai,SCOPE,4.6,0,0,0,0,1,1,0,0,0,0,0
157.0,Dr. Aarush Shah,SENSE,3.6,0,0,0,1,0,0,0,0,1,0,0
158.0,Dr. Riya Verma,SCOPE,4.3,0,1,0,0,0,0,0,1,0,0,0
159.0,Dr. Ishan Jain,SELECT,3.4,1,0,0,0,0,0,0,0,0,1,0
160.0,Dr. Nia Sharma,SCOPE,4.8,0,0,1,0,1,0,1,0,0,0,0
161.0,Dr. Om Gupta,SENSE,3.7,0,0,0,0,0,0,0,0,1,0,1
162.0,Dr. Anahita Patel,SCOPE,4.2,0,1,0,0,0,1,0,0,0,0,0
163.0,Dr. Yuvraj Kumar,SELECT,3.3,1,0,0,1,0,0,0,0,0,0,0
164.0,Dr. Samaira Reddy,SCOPE,4.5,0,0,1,0,0,0,0,1,0,0,0
165.0,Dr. Atharv Rao,SENSE,3.8,0,0,0,0,0,0,0,0,1,1,0
166.0,Dr. Alisha Nair,SCOPE,4.6,0,0,0,0,1,0,1,0,0,0,0
167.0,Dr. Shaurya Menon,SELECT,3.1,1,0,0,0,0,0,0,0,0,0,1
168.0,Dr. Amaira Iyer,SCOPE,4.4,0,1,0,0,0,1,0,1,0,0,0
169.0,Dr. Yuvaan Pillai,SENSE,3.5,0,0,0,1,0,0,0,0,0,1,0
170.0,Dr. Saanvi Varma,SCOPE,4.7,0,0,1,0,1,0,0,0,0,0,0
171.0,Dr. Armaan Joshi,SELECT,3.6,1,0,0,0,0,0,0,0,1,0,0
172.0,Dr. Keya Mehta,SCOPE,4.1,0,0,0,0,0,1,1,0,0,0,0
173.0,Dr. Vivaan Ali,SENSE,3.9,0,0,0,1,0,0,0,0,1,0,0
174.0,Dr. Aarya Khan,SCOPE,4.5,0,0,1,0,0,0,0,1,0,0,0
175.0,Dr. Abeer Desai,SELECT,3.2,0,0,0,0,0,0,0,0,0,1,1
176.0,Dr. Myra Shah,SCOPE,4.6,0,0,0,0,1,1,0,0,0,0,0
177.0,Dr. Neil Verma,SENSE,3.7,1,0,0,0,0,0,0,0,1,0,0
178.0,Dr. Pehel Jain,SCOPE,4.3,0,1,0,0,0,0,0,1,0,0,0
179.0,Dr. Ekansh Sharma,SELECT,3.4,0,0,0,1,0,0,0,0,0,0,1
180.0,Dr. Ananya Gupta,SCOPE,4.8,0,0,1,0,0,0,1,0,0,0,0
181.0,Dr. Ishaan Patel,SENSE,3.5,0,0,0,0,0,0,0,0,1,1,0
182.0,Dr. Siya Kumar,SCOPE,4.2,0,0,0,0,1,1,0,0,0,0,0
183.0,Dr. Reyansh Reddy,SELECT,3.1,1,0,0,0,0,0,0,0,0,0,1
184.0,Dr. Kiara Rao,SCOPE,4.5,0,0,1,0,0,0,0,1,0,0,0
185.0,Dr. Vihaan Nair,SENSE,3.8,0,0,0,1,0,0,0,0,1,0,0
186.0,Dr. Tara Menon,SCOPE,4.6,0,1,0,0,0,0,1,0,0,0,0
187.0,Dr. Muhammad Iyer,SELECT,3.3,1,0,0,0,0,0,0,0,0,1,0
188.0,Dr. Zoe Pillai,SCOPE,4.4,0,0,0,0,1,0,0,1,0,0,0
189.0,Dr. Kabir Varma,SENSE,3.6,0,0,0,0,0,0,0,0,1,0,1
190.0,Dr. Anika Joshi,SCOPE,4.7,0,0,1,0,0,1,0,0,0,0,0
191.0,Dr. Ayaan Mehta,SELECT,3.5,1,0,0,1,0,0,0,0,0,0,0
192.0,Dr. Navya Ali,SCOPE,4.1,0,1,0,0,0,0,1,0,0,0,0
193.0,Dr. Krish Khan,SENSE,3.9,0,0,0,0,0,0,0,0,1,1,0
194.0,Dr. Pari Desai,SCOPE,4.5,0,0,0,0,1,0,0,1,0,0,0
195.0,Dr. Rohan Shah,SELECT,3.2,1,0,0,0,0,0,0,0,0,0,1
196.0,Dr. Aisha Verma,SCOPE,4.6,0,0,1,0,0,1,0,0,0,0,0
197.0,Dr. Aryan Jain,SENSE,3.7,0,0,0,1,0,0,0,0,1,0,0
198.0,Dr. Eva Sharma,SCOPE,4.3,0,1,0,0,0,0,0,1,0,0,0
199.0,Dr. Advik Gupta,SELECT,3.4,1,0,0,0,0,0,0,0,0,1,0
200.0,Dr. Anvi Patel,SCOPE,4.8,0,0,1,0,1,0,1,0,0,0,0
201.0,Dr. Veer Kumar,SENSE,3.6,0,0,0,0,0,0,0,0,1,0,1
202.0,Dr. Zara Reddy,SCOPE,4.2,0,1,0,0,0,1,0,0,0,0,0
203.0,Dr. Sai Rao,SELECT,3.3,1,0,0,1,0,0,0,0,0,0,0
204.0,Dr. Shanaya Nair,SCOPE,4.5,0,0,1,0,0,0,0,1,0,0,0
205.0,Dr. Zayan Menon,SENSE,3.8,0,0,0,0,0,0,0,0,1,1,0
206.0,Dr. Aadhya Iyer,SCOPE,4.6,0,0,0,0,1,0,1,0,0,0,0
207.0,Dr. Dhruv Pillai,SELECT,3.1,1,0,0,0,0,0,0,0,0,0,1
208.0,Dr. Ira Varma,SCOPE,4.4,0,1,0,0,0,1,0,1,0,0,0
209.0,Dr. Aarush Joshi,SENSE,3.5,0,0,0,1,0,0,0,0,0,1,0
210.0,Dr. Riya Mehta,SCOPE,4.7,0,0,1,0,1,0,0,0,0,0,0
211.0,Dr. Ishan Ali,SELECT,3.6,1,0,0,0,0,0,0,0,1,0,0
212.0,Dr. Nia Khan,SCOPE,4.1,0,0,0,0,0,1,1,0,0,0,0
213.0,Dr. Om Desai,SENSE,3.9,0,0,0,1,0,0,0,0,1,0,0
214.0,Dr. Anahita Shah,SCOPE,4.5,0,0,1,0,0,0,0,1,0,0,0
215.0,Dr. Yuvraj Verma,SELECT,3.2,0,0,0,0,0,0,0,0,0,1,1
216.0,Dr. Samaira Jain,SCOPE,4.6,0,0,0,0,1,1,0,0,0,0,0
217.0,Dr. Atharv Sharma,SENSE,3.7,1,0,0,0,0,0,0,0,1,0,0
218.0,Dr. Alisha Gupta,SCOPE,4.3,0,1,0,0,0,0,0,1,0,0,0
219.0,Dr. Shaurya Patel,SELECT,3.4,0,0,0,1,0,0,0,0,0,0,1
220.0,Dr. Amaira Kumar,SCOPE,4.8,0,0,1,0,0,0,1,0,0,0,0
221.0,Dr. Yuvaan Reddy,SENSE,3.5,0,0,0,0,0,0,0,0,1,1,0
222.0,Dr. Saanvi Rao,SCOPE,4.2,0,0,0,0,1,1,0,0,0,0,0
223.0,Dr. Armaan Nair,SELECT,3.1,1,0,0,0,0,0,0,0,0,0,1
224.0,Dr. Keya Menon,SCOPE,4.5,0,0,1,0,0,0,0,1,0,0,0
225.0,Dr. Vivaan Iyer,SENSE,3.8,0,0,0,1,0,0,0,0,1,0,0
226.0,Dr. Aarya Pillai,SCOPE,4.6,0,1,0,0,0,0,1,0,0,0,0
227.0,Dr. Abeer Varma,SELECT,3.3,1,0,0,0,0,0,0,0,0,1,0
228.0,Dr. Myra Joshi,SCOPE,4.4,0,0,0,0,1,0,0,1,0,0,0
229.0,Dr. Neil Mehta,SENSE,3.6,0,0,0,0,0,0,0,0,1,0,1
230.0,Dr. Pehel Ali,SCOPE,4.7,0,0,1,0,0,1,0,0,0,0,0
231.0,Dr. Ekansh Khan,SELECT,3.5,1,0,0,1,0,0,0,0,0,0,0
232.0,Dr. Ananya Desai,SCOPE,4.1,0,1,0,0,0,0,1,0,0,0,0
233.0,Dr. Ishaan Shah,SENSE,3.9,0,0,0,0,0,0,0,0,1,1,0
234.0,Dr. Siya Verma,SCOPE,4.5,0,0,0,0,1,0,0,1,0,0,0
235.0,Dr. Reyansh Jain,SELECT,3.2,1,0,0,0,0,0,0,0,0,0,1
236.0,Dr. Kiara Sharma,SCOPE,4.6,0,0,1,0,0,1,0,0,0,0,0
237.0,Dr. Vihaan Gupta,SENSE,3.7,0,0,0,1,0,0,0,0,1,0,0
238.0,Dr. Tara Patel,SCOPE,4.3,0,1,0,0,0,0,0,1,0,0,0
239.0,Dr. Muhammad Kumar,SELECT,3.4,1,0,0,0,0,0,0,0,0,1,0
240.0,Dr. Zoe Reddy,SCOPE,4.8,0,0,1,0,1,0,1,0,0,0,0
241.0,Dr. Kabir Rao,SENSE,3.6,0,0,0,0,0,0,0,0,1,0,1
242.0,Dr. Anika Nair,SCOPE,4.2,0,1,0,0,0,1,0,0,0,0,0
243.0,Dr. Ayaan Menon,SELECT,3.3,1,0,0,1,0,0,0,0,0,0,0
244.0,Dr. Navya Iyer,SCOPE,4.5,0,0,1,0,0,0,0,1,0,0,0
245.0,Dr. Krish Pillai,SENSE,3.8,0,0,0,0,0,0,0,0,1,1,0
246.0,Dr. Pari Varma,SCOPE,4.6,0,0,0,0,1,0,1,0,0,0,0
247.0,Dr. Rohan Joshi,SELECT,3.1,1,0,0,0,0,0,0,0,0,0,1
248.0,Dr. Aisha Mehta,SCOPE,4.4,0,1,0,0,0,1,0,1,0,0,0
249.0,Dr. Aryan Ali,SENSE,3.5,0,0,0,1,0,0,0,0,0,1,0
250.0,Dr. Eva Khan,SCOPE,4.7,0,0,1,0,1,0,0,0,0,0,0
251.0,Dr. Advik Desai,SELECT,3.6,1,0,0,0,0,0,0,0,1,0,0
252.0,Dr. Anvi Shah,SCOPE,4.1,0,0,0,0,0,1,1,0,0,0,0
253.0,Dr. Veer Verma,SENSE,3.9,0,0,0,1,0,0,0,0,1,0,0
254.0,Dr. Zara Jain,SCOPE,4.5,0,0,1,0,0,0,0,1,0,0,0
255.0,Dr. Sai Sharma,SELECT,3.2,0,0,0,0,0,0,0,0,0,1,1
256.0,Dr. Shanaya Gupta,SCOPE,4.6,0,0,0,0,1,1,0,0,0,0,0
257.0,Dr. Zayan Patel,SENSE,3.7,1,0,0,0,0,0,0,0,1,0,0
258.0,Dr. Aadhya Kumar,SCOPE,4.3,0,1,0,0,0,0,0,1,0,0,0
259.0,Dr. Dhruv Reddy,SELECT,3.4,0,0,0,1,0,0,0,0,0,0,1
260.0,Dr. Ira Rao,SCOPE,4.8,0,0,1,0,0,0,1,0,0,0,0
261.0,Dr. Aarush Nair,SENSE,3.5,0,0,0,0,0,0,0,0,1,1,0
262.0,Dr. Riya Menon,SCOPE,4.2,0,0,0,0,1,1,0,0,0,0,0
263.0,Dr. Ishan Iyer,SELECT,3.1,1,0,0,0,0,0,0,0,0,0,1
264.0,Dr. Nia Pillai,SCOPE,4.5,0,0,1,0,0,0,0,1,0,0,0
265.0,Dr. Om Varma,SENSE,3.8,0,0,0,1,0,0,0,0,1,0,0
266.0,Dr. Anahita Joshi,SCOPE,4.6,0,1,0,0,0,0,1,0,0,0,0
267.0,Dr. Yuvraj Mehta,SELECT,3.3,1,0,0,0,0,0,0,0,0,1,0
268.0,Dr. Samaira Ali,SCOPE,4.4,0,0,0,0,1,0,0,1,0,0,0
269.0,Dr. Atharv Khan,SENSE,3.6,0,0,0,0,0,0,0,0,1,0,1
270.0,Dr. Alisha Desai,SCOPE,4.7,0,0,1,0,0,1,0,0,0,0,0
271.0,Dr. Shaurya Shah,SELECT,3.5,1,0,0,1,0,0,0,0,0,0,0
272.0,Dr. Amaira Verma,SCOPE,4.1,0,1,0,0,0,0,1,0,0,0,0
273.0,Dr. Yuvaan Jain,SENSE,3.9,0,0,0,0,0,0,0,0,1,1,0
274.0,Dr. Saanvi Sharma,SCOPE,4.5,0,0,0,0,1,0,0,1,0,0,0
275.0,Dr. Armaan Gupta,SELECT,3.2,1,0,0,0,0,0,0,0,0,0,1
276.0,Dr. Keya Patel,SCOPE,4.6,0,0,1,0,0,1,0,0,0,0,0
277.0,Dr. Vivaan Kumar,SENSE,3.7,0,0,0,1,0,0,0,0,1,0,0
278.0,Dr. Aarya Reddy,SCOPE,4.3,0,1,0,0,0,0,0,1,0,0,0
279.0,Dr. Abeer Rao,SELECT,3.4,1,0,0,0,0,0,0,0,0,1,0
280.0,Dr. Myra Nair,SCOPE,4.8,0,0,1,0,1,0,1,0,0,0,0
281.0,Dr. Neil Menon,SENSE,3.6,0,0,0,0,0,0,0,0,1,0,1
282.0,Dr. Pehel Iyer,SCOPE,4.2,0,1,0,0,0,1,0,0,0,0,0
283.0,Dr. Ekansh Pillai,SELECT,3.3,1,0,0,1,0,0,0,0,0,0,0
284.0,Dr. Ananya Varma,SCOPE,4.5,0,0,1,0,0,0,0,1,0,0,0
285.0,Dr. Ishaan Joshi,SENSE,3.8,0,0,0,0,0,0,0,0,1,1,0
286.0,Dr. Siya Mehta,SCOPE,4.6,0,0,0,0,1,0,1,0,0,0,0
287.0,Dr. Reyansh Ali,SELECT,3.1,1,0,0,0,0,0,0,0,0,0,1
288.0,Dr. Kiara Khan,SCOPE,4.4,0,1,0,0,0,1,0,1,0,0,0
289.0,Dr. Vihaan Desai,SENSE,3.5,0,0,0,1,0,0,0,0,0,1,0
290.0,Dr. Tara Shah,SCOPE,4.7,0,0,1,0,1,0,0,0,0,0,0
291.0,Dr. Muhammad Verma,SELECT,3.6,1,0,0,0,0,0,0,0,1,0,0
292.0,Dr. Zoe Jain,SCOPE,4.1,0,0,0,0,0,1,1,0,0,0,0
293.0,Dr. Kabir Sharma,SENSE,3.9,0,0,0,1,0,0,0,0,1,0,0
294.0,Dr. Anika Gupta,SCOPE,4.5,0,0,1,0,0,0,0,1,0,0,0
295.0,Dr. Ayaan Patel,SELECT,3.2,0,0,0,0,0,0,0,0,0,1,1
296.0,Dr. Navya Kumar,SCOPE,4.6,0,0,0,0,1,1,0,0,0,0,0
297.0,Dr. Krish Reddy,SENSE,3.7,1,0,0,0,0,0,0,0,1,0,0
298.0,Dr. Pari Rao,SCOPE,4.3,0,1,0,0,0,0,0,1,0,0,0
299.0,Dr. Rohan Nair,SELECT,3.4,0,0,0,1,0,0,0,0,0,0,1
300.0,Dr. Aisha Menon,SCOPE,4.8,0,0,1,0,0,0,1,0,0,0,0
301.0,Dr. Aarav Iyer,SENSE,3.5,0,0,0,0,0,0,0,0,1,1,0
302.0,Dr. Aanya Pillai,SCOPE,4.2,0,0,0,0,1,1,0,0,0,0,0
303.0,Dr. Vivaan Varma,SELECT,3.1,1,0,0,0,0,0,0,0,0,0,1
304.0,Dr. Diya Joshi,SCOPE,4.5,0,0,1,0,0,0,0,1,0,0,0
305.0,Dr. Aditya Mehta,SENSE,3.8,0,0,0,1,0,0,0,0,1,0,0
306.0,Dr. Ananya Ali,SCOPE,4.6,0,1,0,0,0,0,1,0,0,0,0
307.0,Dr. Ishaan Khan,SELECT,3.3,1,0,0,0,0,0,0,0,0,1,0
308.0,Dr. Myra Desai,SCOPE,4.4,0,0,0,0,1,0,0,1,0,0,0
309.0,Dr. Arjun Shah,SENSE,3.6,0,0,0,0,0,0,0,0,1,0,1
310.0,Dr. Siya Verma,SCOPE,4.7,0,0,1,0,0,1,0,0,0,0,0
311.0,Dr. Reyansh Jain,SELECT,3.5,1,0,0,1,0,0,0,0,0,0,0
312.0,Dr. Kiara Sharma,SCOPE,4.1,0,1,0,0,0,0,1,0,0,0,0
313.0,Dr. Vihaan Gupta,SENSE,3.9,0,0,0,0,0,0,0,0,1,1,0
314.0,Dr. Tara Patel,SCOPE,4.5,0,0,0,0,1,0,0,1,0,0,0
315.0,Dr. Muhammad Kumar,SELECT,3.2,1,0,0,0,0,0,0,0,0,0,1
316.0,Dr. Zoe Reddy,SCOPE,4.6,0,0,1,0,0,1,0,0,0,0,0
317.0,Dr. Kabir Rao,SENSE,3.7,0,0,0,1,0,0,0,0,1,0,0
318.0,Dr. Anika Nair,SCOPE,4.3,0,1,0,0,0,0,0,1,0,0,0
319.0,Dr. Ayaan Menon,SELECT,3.4,1,0,0,0,0,0,0,0,0,1,0
320.0,Dr. Navya Iyer,SCOPE,4.8,0,0,1,0,1,0,1,0,0,0,0
321.0,Dr. Krish Pillai,SENSE,3.6,0,0,0,0,0,0,0,0,1,0,1
322.0,Dr. Pari Varma,SCOPE,4.2,0,1,0,0,0,1,0,0,0,0,0
323.0,Dr. Rohan Joshi,SELECT,3.3,1,0,0,1,0,0,0,0,0,0,0
324.0,Dr. Aisha Mehta,SCOPE,4.5,0,0,1,0,0,0,0,1,0,0,0
325.0,Dr. Aryan Ali,SENSE,3.8,0,0,0,0,0,0,0,0,1,1,0
326.0,Dr. Eva Khan,SCOPE,4.6,0,0,0,0,1,0,1,0,0,0,0
327.0,Dr. Advik Desai,SELECT,3.1,1,0,0,0,0,0,0,0,0,0,1
328.0,Dr. Anvi Shah,SCOPE,4.4,0,1,0,0,0,1,0,1,0,0,0
329.0,Dr. Veer Verma,SENSE,3.5,0,0,0,1,0,0,0,0,0,1,0
330.0,Dr. Zara Jain,SCOPE,4.7,0,0,1,0,1,0,0,0,0,0,0
331.0,Dr. Sai Sharma,SELECT,3.6,1,0,0,0,0,0,0,0,1,0,0
332.0,Dr. Shanaya Gupta,SCOPE,4.1,0,0,0,0,0,1,1,0,0,0,0
333.0,Dr. Zayan Patel,SENSE,3.9,0,0,0,1,0,0,0,0,1,0,0
334.0,Dr. Aadhya Kumar,SCOPE,4.5,0,0,1,0,0,0,0,1,0,0,0
335.0,Dr. Dhruv Reddy,SELECT,3.2,0,0,0,0,0,0,0,0,0,1,1
336.0,Dr. Ira Rao,SCOPE,4.6,0,0,0,0,1,1,0,0,0,0,0
337.0,Dr. Aarush Nair,SENSE,3.7,1,0,0,0,0,0,0,0,1,0,0
338.0,Dr. Riya Menon,SCOPE,4.3,0,1,0,0,0,0,0,1,0,0,0
339.0,Dr. Ishan Iyer,SELECT,3.4,0,0,0,1,0,0,0,0,0,0,1
340.0,Dr. Nia Pillai,SCOPE,4.8,0,0,1,0,0,0,1,0,0,0,0
341.0,Dr. Om Varma,SENSE,3.5,0,0,0,0,0,0,0,0,1,1,0
342.0,Dr. Anahita Joshi,SCOPE,4.2,0,0,0,0,1,1,0,0,0,0,0
343.0,Dr. Yuvraj Mehta,SELECT,3.1,1,0,0,0,0,0,0,0,0,0,1
344.0,Dr. Samaira Ali,SCOPE,4.5,0,0,1,0,0,0,0,1,0,0,0
345.0,Dr. Atharv Khan,SENSE,3.8,0,0,0,1,0,0,0,0,1,0,0
346.0,Dr. Alisha Desai,SCOPE,4.6,0,1,0,0,0,0,1,0,0,0,0
347.0,Dr. Shaurya Shah,SELECT,3.3,1,0,0,0,0,0,0,0,0,1,0
348.0,Dr. Amaira Verma,SCOPE,4.4,0,0,0,0,1,0,0,1,0,0,0
349.0,Dr. Yuvaan Jain,SENSE,3.6,0,0,0,0,0,0,0,0,1,0,1
350.0,Dr. Saanvi Sharma,SCOPE,4.7,0,0,1,0,0,1,0,0,0,0,0
351.0,Dr. Armaan Gupta,SELECT,3.5,1,0,0,1,0,0,0,0,0,0,0
352.0,Dr. Keya Patel,SCOPE,4.1,0,1,0,0,0,0,1,0,0,0,0
353.0,Dr. Vivaan Kumar,SENSE,3.9,0,0,0,0,0,0,0,0,1,1,0
354.0,Dr. Aarya Reddy,SCOPE,4.5,0,0,0,0,1,0,0,1,0,0,0
355.0,Dr. Abeer Rao,SELECT,3.2,1,0,0,0,0,0,0,0,0,0,1
356.0,Dr. Myra Nair,SCOPE,4.6,0,0,1,0,0,1,0,0,0,0,0
357.0,Dr. Neil Menon,SENSE,3.7,0,0,0,1,0,0,0,0,1,0,0
358.0,Dr. Pehel Iyer,SCOPE,4.3,0,1,0,0,0,0,0,1,0,0,0
359.0,Dr. Ekansh Pillai,SELECT,3.4,1,0,0,0,0,0,0,0,0,1,0
360.0,Dr. Ananya Varma,SCOPE,4.8,0,0,1,0,1,0,1,0,0,0,0
361.0,Dr. Ishaan Joshi,SENSE,3.6,0,0,0,0,0,0,0,0,1,0,1
362.0,Dr. Siya Mehta,SCOPE,4.2,0,1,0,0,0,1,0,0,0,0,0
363.0,Dr. Reyansh Ali,SELECT,3.3,1,0,0,1,0,0,0,0,0,0,0
364.0,Dr. Kiara Khan,SCOPE,4.5,0,0,1,0,0,0,0,1,0,0,0
365.0,Dr. Vihaan Desai,SENSE,3.8,0,0,0,0,0,0,0,0,1,1,0
366.0,Dr. Tara Shah,SCOPE,4.6,0,0,0,0,1,0,1,0,0,0,0
367.0,Dr. Muhammad Verma,SELECT,3.1,1,0,0,0,0,0,0,0,0,0,1
368.0,Dr. Zoe Jain,SCOPE,4.4,0,1,0,0,0,1,0,1,0,0,0
369.0,Dr. Kabir Sharma,SENSE,3.5,0,0,0,1,0,0,0,0,0,1,0
370.0,Dr. Anika Gupta,SCOPE,4.7,0,0,1,0,1,0,0,0,0,0,0
371.0,Dr. Ayaan Patel,SELECT,3.6,1,0,0,0,0,0,0,0,1,0,0
372.0,Dr. Navya Kumar,SCOPE,4.1,0,0,0,0,0,1,1,0,0,0,0
373.0,Dr. Krish Reddy,SENSE,3.9,0,0,0,1,0,0,0,0,1,0,0
374.0,Dr. Pari Rao,SCOPE,4.5,0,0,1,0,0,0,0,1,0,0,0
375.0,Dr. Rohan Nair,SELECT,3.2,0,0,0,0,0,0,0,0,0,1,1
376.0,Dr. Aisha Menon,SCOPE,4.6,0,0,0,0,1,1,0,0,0,0,0
377.0,Dr. Aarav Iyer,SENSE,3.7,1,0,0,0,0,0,0,0,1,0,0
378.0,Dr. Aanya Pillai,SCOPE,4.3,0,1,0,0,0,0,0,1,0,0,0
379.0,Dr. Vivaan Varma,SELECT,3.4,0,0,0,1,0,0,0,0,0,0,1
380.0,Dr. Diya Joshi,SCOPE,4.8,0,0,1,0,0,0,1,0,0,0,0
381.0,Dr. Aditya Mehta,SENSE,3.5,0,0,0,0,0,0,0,0,1,1,0
382.0,Dr. Ananya Ali,SCOPE,4.2,0,0,0,0,1,1,0,0,0,0,0
383.0,Dr. Ishaan Khan,SELECT,3.1,1,0,0,0,0,0,0,0,0,0,1
384.0,Dr. Myra Desai,SCOPE,4.5,0,0,1,0,0,0,0,1,0,0,0
385.0,Dr. Arjun Shah,SENSE,3.8,0,0,0,1,0,0,0,0,1,0,0
386.0,Dr. Siya Verma,SCOPE,4.6,0,1,0,0,0,0,1,0,0,0,0
387.0,Dr. Reyansh Jain,SELECT,3.3,1,0,0,0,0,0,0,0,0,1,0
388.0,Dr. Kiara Sharma,SCOPE,4.4,0,0,0,0,1,0,0,1,0,0,0
389.0,Dr. Vihaan Gupta,SENSE,3.6,0,0,0,0,0,0,0,0,1,0,1
390.0,Dr. Tara Patel,SCOPE,4.7,0,0,1,0,0,1,0,0,0,0,0
391.0,Dr. Muhammad Kumar,SELECT,3.5,1,0,0,1,0,0,0,0,0,0,0
392.0,Dr. Zoe Reddy,SCOPE,4.1,0,1,0,0,0,0,1,0,0,0,0
393.0,Dr. Kabir Rao,SENSE,3.9,0,0,0,0,0,0,0,0,1,1,0
394.0,Dr. Anika Nair,SCOPE,4.5,0,0,0,0,1,0,0,1,0,0,0
395.0,Dr. Ayaan Menon,SELECT,3.2,1,0,0,0,0,0,0,0,0,0,1
396.0,Dr. Navya Iyer,SCOPE,4.6,0,0,1,0,0,1,0,0,0,0,0
397.0,Dr. Krish Pillai,SENSE,3.7,0,0,0,1,0,0,0,0,1,0,0
398.0,Dr. Pari Varma,SCOPE,4.3,0,1,0,0,0,0,0,1,0,0,0
399.0,Dr. Rohan Joshi,SELECT,3.4,1,0,0,0,0,0,0,0,0,1,0
400.0,Dr. Aisha Mehta,SCOPE,4.8,0,0,1,0,1,0,1,0,0,0,0
401.0,Dr. Aryan Ali,SENSE,3.6,0,0,0,0,0,0,0,0,1,0,1
402.0,Dr. Eva Khan,SCOPE,4.2,0,1,0,0,0,1,0,0,0,0,0
403.0,Dr. Advik Desai,SELECT,3.3,1,0,0,1,0,0,0,0,0,0,0
404.0,Dr. Anvi Shah,SCOPE,4.5,0,0,1,0,0,0,0,1,0,0,0
405.0,Dr. Veer Verma,SENSE,3.8,0,0,0,0,0,0,0,0,1,1,0
406.0,Dr. Zara Jain,SCOPE,4.6,0,0,0,0,1,0,1,0,0,0,0
407.0,Dr. Sai Sharma,SELECT,3.1,1,0,0,0,0,0,0,0,0,0,1
408.0,Dr. Shanaya Gupta,SCOPE,4.4,0,1,0,0,0,1,0,1,0,0,0
409.0,Dr. Zayan Patel,SENSE,3.5,0,0,0,1,0,0,0,0,0,1,0
410.0,Dr. Aadhya Kumar,SCOPE,4.7,0,0,1,0,1,0,0,0,0,0,0
411.0,Dr. Dhruv Reddy,SELECT,3.6,1,0,0,0,0,0,0,0,1,0,0
412.0,Dr. Ira Rao,SCOPE,4.1,0,0,0,0,0,1,1,0,0,0,0
413.0,Dr. Aarush Nair,SENSE,3.9,0,0,0,1,0,0,0,0,1,0,0
414.0,Dr. Riya Menon,SCOPE,4.5,0,0,1,0,0,0,0,1,0,0,0
415.0,Dr. Ishan Iyer,SELECT,3.2,0,0,0,0,0,0,0,0,0,1,1
416.0,Dr. Nia Pillai,SCOPE,4.6,0,0,0,0,1,1,0,0,0,0,0
417.0,Dr. Om Varma,SENSE,3.7,1,0,0,0,0,0,0,0,1,0,0
418.0,Dr. Anahita Joshi,SCOPE,4.3,0,1,0,0,0,0,0,1,0,0,0
419.0,Dr. Yuvraj Mehta,SELECT,3.4,0,0,0,1,0,0,0,0,0,0,1
420.0,Dr. Samaira Ali,SCOPE,4.8,0,0,1,0,0,0,1,0,0,0,0
421.0,Dr. Atharv Khan,SENSE,3.5,0,0,0,0,0,0,0,0,1,1,0
422.0,Dr. Alisha Desai,SCOPE,4.2,0,0,0,0,1,1,0,0,0,0,0
423.0,Dr. Shaurya Shah,SELECT,3.1,1,0,0,0,0,0,0,0,0,0,1
424.0,Dr. Amaira Verma,SCOPE,4.5,0,0,1,0,0,0,0,1,0,0,0
425.0,Dr. Yuvaan Jain,SENSE,3.8,0,0,0,1,0,0,0,0,1,0,0
426.0,Dr. Saanvi Sharma,SCOPE,4.6,0,1,0,0,0,0,1,0,0,0,0
427.0,Dr. Armaan Gupta,SELECT,3.3,1,0,0,0,0,0,0,0,0,1,0
428.0,Dr. Keya Patel,SCOPE,4.4,0,0,0,0,1,0,0,1,0,0,0
429.0,Dr. Vivaan Kumar,SENSE,3.6,0,0,0,0,0,0,0,0,1,0,1
430.0,Dr. Aarya Reddy,SCOPE,4.7,0,0,1,0,0,1,0,0,0,0,0
431.0,Dr. Abeer Rao,SELECT,3.5,1,0,0,1,0,0,0,0,0,0,0
432.0,Dr. Myra Nair,SCOPE,4.1,0,1,0,0,0,0,1,0,0,0,0
433.0,Dr. Neil Menon,SENSE,3.9,0,0,0,0,0,0,0,0,1,1,0
434.0,Dr. Pehel Iyer,SCOPE,4.5,0,0,0,0,1,0,0,1,0,0,0
435.0,Dr. Ekansh Pillai,SELECT,3.2,1,0,0,0,0,0,0,0,0,0,1
436.0,Dr. Ananya Varma,SCOPE,4.6,0,0,1,0,0,1,0,0,0,0,0
437.0,Dr. Ishaan Joshi,SENSE,3.7,0,0,0,1,0,0,0,0,1,0,0
438.0,Dr. Siya Mehta,SCOPE,4.3,0,1,0,0,0,0,0,1,0,0,0
439.0,Dr. Reyansh Ali,SELECT,3.4,1,0,0,0,0,0,0,0,0,1,0
440.0,Dr. Kiara Khan,SCOPE,4.8,0,0,1,0,1,0,1,0,0,0,0
441.0,Dr. Vihaan Desai,SENSE,3.6,0,0,0,0,0,0,0,0,1,0,1
442.0,Dr. Tara Shah,SCOPE,4.2,0,1,0,0,0,1,0,0,0,0,0
443.0,Dr. Muhammad Verma,SELECT,3.3,1,0,0,1,0,0,0,0,0,0,0
444.0,Dr. Zoe Jain,SCOPE,4.5,0,0,1,0,0,0,0,1,0,0,0
445.0,Dr. Kabir Sharma,SENSE,3.8,0,0,0,0,0,0,0,0,1,1,0
446.0,Dr. Anika Gupta,SCOPE,4.6,0,0,0,0,1,0,1,0,0,0,0
447.0,Dr. Ayaan Patel,SELECT,3.1,1,0,0,0,0,0,0,0,0,0,1
448.0,Dr. Navya Kumar,SCOPE,4.4,0,1,0,0,0,1,0,1,0,0,0
449.0,Dr. Krish Reddy,SENSE,3.5,0,0,0,1,0,0,0,0,0,1,0
450.0,Dr. Pari Rao,SCOPE,4.7,0,0,1,0,1,0,0,0,0,0,0
451.0,Dr. Rohan Nair,SELECT,3.6,1,0,0,0,0,0,0,0,1,0,0
452.0,Dr. Aisha Menon,SCOPE,4.1,0,0,0,0,0,1,1,0,0,0,0
453.0,Dr. Aarav Iyer,SENSE,3.9,0,0,0,1,0,0,0,0,1,0,0
454.0,Dr. Aanya Pillai,SCOPE,4.5,0,0,1,0,0,0,0,1,0,0,0
455.0,Dr. Vivaan Varma,SELECT,3.2,0,0,0,0,0,0,0,0,0,1,1
456.0,Dr. Diya Joshi,SCOPE,4.6,0,0,0,0,1,1,0,0,0,0,0
457.0,Dr. Aditya Mehta,SENSE,3.7,1,0,0,0,0,0,0,0,1,0,0
458.0,Dr. Ananya Ali,SCOPE,4.3,0,1,0,0,0,0,0,1,0,0,0
459.0,Dr. Ishaan Khan,SELECT,3.4,0,0,0,1,0,0,0,0,0,0,1
460.0,Dr. Myra Desai,SCOPE,4.8,0,0,1,0,0,0,1,0,0,0,0
461.0,Dr. Arjun Shah,SENSE,3.5,0,0,0,0,0,0,0,0,1,1,0
462.0,Dr. Siya Verma,SCOPE,4.2,0,0,0,0,1,1,0,0,0,0,0
463.0,Dr. Reyansh Jain,SELECT,3.1,1,0,0,0,0,0,0,0,0,0,1
464.0,Dr. Kiara Sharma,SCOPE,4.5,0,0,1,0,0,0,0,1,0,0,0
465.0,Dr. Vihaan Gupta,SENSE,3.8,0,0,0,1,0,0,0,0,1,0,0
466.0,Dr. Tara Patel,SCOPE,4.6,0,1,0,0,0,0,1,0,0,0,0
467.0,Dr. Muhammad Kumar,SELECT,3.3,1,0,0,0,0,0,0,0,0,1,0
468.0,Dr. Zoe Reddy,SCOPE,4.4,0,0,0,0,1,0,0,1,0,0,0
469.0,Dr. Kabir Rao,SENSE,3.6,0,0,0,0,0,0,0,0,1,0,1
470.0,Dr. Anika Nair,SCOPE,4.7,0,0,1,0,0,1,0,0,0,0,0
471.0,Dr. Ayaan Menon,SELECT,3.5,1,0,0,1,0,0,0,0,0,0,0
472.0,Dr. Navya Iyer,SCOPE,4.1,0,1,0,0,0,0,1,0,0,0,0
473.0,Dr. Krish Pillai,SENSE,3.9,0,0,0,0,0,0,0,0,1,1,0
474.0,Dr. Pari Varma,SCOPE,4.5,0,0,0,0,1,0,0,1,0,0,0
475.0,Dr. Rohan Joshi,SELECT,3.2,1,0,0,0,0,0,0,0,0,0,1
476.0,Dr. Aisha Mehta,SCOPE,4.6,0,0,1,0,0,1,0,0,0,0,0
477.0,Dr. Aryan Ali,SENSE,3.7,0,0,0,1,0,0,0,0,1,0,0
478.0,Dr. Eva Khan,SCOPE,4.3,0,1,0,0,0,0,0,1,0,0,0
479.0,Dr. Advik Desai,SELECT,3.4,1,0,0,0,0,0,0,0,0,1,0
480.0,Dr. Anvi Shah,SCOPE,4.8,0,0,1,0,1,0,1,0,0,0,0
481.0,Dr. Veer Verma,SENSE,3.6,0,0,0,0,0,0,0,0,1,0,1
482.0,Dr. Zara Jain,SCOPE,4.2,0,1,0,0,0,1,0,0,0,0,0
483.0,Dr. Sai Sharma,SELECT,3.3,1,0,0,1,0,0,0,0,0,0,0
484.0,Dr. Shanaya Gupta,SCOPE,4.5,0,0,1,0,0,0,0,1,0,0,0
485.0,Dr. Zayan Patel,SENSE,3.8,0,0,0,0,0,0,0,0,1,1,0
486.0,Dr. Aadhya Kumar,SCOPE,4.6,0,0,0,0,1,0,1,0,0,0,0
487.0,Dr. Dhruv Reddy,SELECT,3.1,1,0,0,0,0,0,0,0,0,0,1
488.0,Dr. Ira Rao,SCOPE,4.4,0,1,0,0,0,1,0,1,0,0,0
489.0,Dr. Aarush Nair,SENSE,3.5,0,0,0,1,0,0,0,0,0,1,0
490.0,Dr. Riya Menon,SCOPE,4.7,0,0,1,0,1,0,0,0,0,0,0
491.0,Dr. Ishan Iyer,SELECT,3.6,1,0,0,0,0,0,0,0,1,0,0
492.0,Dr. Nia Pillai,SCOPE,4.1,0,0,0,0,0,1,1,0,0,0,0
493.0,Dr. Om Varma,SENSE,3.9,0,0,0,1,0,0,0,0,1,0,0
494.0,Dr. Anahita Joshi,SCOPE,4.5,0,0,1,0,0,0,0,1,0,0,0
495.0,Dr. Yuvraj Mehta,SELECT,3.2,0,0,0,0,0,0,0,0,0,1,1
496.0,Dr. Samaira Ali,SCOPE,4.6,0,0,0,0,1,1,0,0,0,0,0
497.0,Dr. Atharv Khan,SENSE,3.7,1,0,0,0,0,0,0,0,1,0,0
498.0,Dr. Alisha Desai,SCOPE,4.3,0,1,0,0,0,0,0,1,0,0,0
499.0,Dr. Shaurya Shah,SELECT,3.4,0,0,0,1,0,0,0,0,0,0,1
500.0,Dr. Amaira Verma,SCOPE,4.8,0,0,1,0,0,0,1,0,0,0,0
501.0,Dr. Yuvaan Jain,SENSE,3.5,0,0,0,0,0,0,0,0,1,1,0
502.0,Dr. Saanvi Sharma,SCOPE,4.2,0,0,0,0,1,1,0,0,0,0,0
503.0,Dr. Armaan Gupta,SELECT,3.1,1,0,0,0,0,0,0,0,0,0,1
504.0,Dr. Keya Patel,SCOPE,4.5,0,0,1,0,0,0,0,1,0,0,0
505.0,Dr. Vivaan Kumar,SENSE,3.8,0,0,0,1,0,0,0,0,1,0,0
506.0,Dr. Aarya Reddy,SCOPE,4.6,0,1,0,0,0,0,1,0,0,0,0
507.0,Dr. Abeer Rao,SELECT,3.3,1,0,0,0,0,0,0,0,0,1,0
508.0,Dr. Myra Nair,SCOPE,4.4,0,0,0,0,1,0,0,1,0,0,0
509.0,Dr. Neil Menon,SENSE,3.6,0,0,0,0,0,0,0,0,1,0,1
510.0,Dr. Pehel Iyer,SCOPE,4.7,0,0,1,0,0,1,0,0,0,0,0
511.0,Dr. Ekansh Pillai,SELECT,3.5,1,0,0,1,0,0,0,0,0,0,0
512.0,Dr. Ananya Varma,SCOPE,4.1,0,1,0,0,0,0,1,0,0,0,0
513.0,Dr. Ishaan Joshi,SENSE,3.9,0,0,0,0,0,0,0,0,1,1,0
514.0,Dr. Siya Mehta,SCOPE,4.5,0,0,0,0,1,0,0,1,0,0,0
515.0,Dr. Reyansh Ali,SELECT,3.2,1,0,0,0,0,0,0,0,0,0,1
516.0,Dr. Kiara Khan,SCOPE,4.6,0,0,1,0,0,1,0,0,0,0,0
517.0,Dr. Vihaan Desai,SENSE,3.7,0,0,0,1,0,0,0,0,1,0,0
518.0,Dr. Tara Shah,SCOPE,4.3,0,1,0,0,0,0,0,1,0,0,0
519.0,Dr. Muhammad Verma,SELECT,3.4,1,0,0,0,0,0,0,0,0,1,0
520.0,Dr. Zoe Jain,SCOPE,4.8,0,0,1,0,1,0,1,0,0,0,0
521.0,Dr. Aarav Singh,SENSE,3.3,1,0,0,1,0,0,0,0,1,0,0
522.0,Dr. Aanya Sharma,SCOPE,4.1,0,1,0,0,0,1,1,0,0,0,0
523.0,Dr. Vivaan Gupta,SELECT,4.7,0,0,1,0,1,0,0,1,0,0,0
524.0,Dr. Diya Patel,SENSE,3.0,1,0,0,0,0,0,0,0,0,1,1
525.0,Dr. Aditya Kumar,SCOPE,4.4,0,0,0,0,1,1,0,0,0,0,0
526.0,Dr. Ananya Reddy,SELECT,3.6,0,0,0,1,0,0,0,0,1,0,0
527.0,Dr. Ishaan Rao,SCOPE,4.9,0,0,1,0,0,0,1,0,0,0,0
528.0,Dr. Myra Nair,SENSE,3.4,1,0,0,0,0,0,0,0,0,1,0
529.0,Dr. Arjun Menon,SCOPE,4.0,0,0,1,0,0,1,0,1,0,0,0
530.0,Dr. Siya Iyer,SELECT,3.5,0,0,0,0,0,0,0,0,1,0,1
531.0,Dr. Reyansh Pillai,SCOPE,4.6,0,1,0,0,1,0,0,0,0,0,0
532.0,Dr. Kiara Varma,SENSE,3.2,1,0,0,1,0,0,0,0,0,1,0
533.0,Dr. Vihaan Joshi,SCOPE,4.3,0,0,0,0,0,1,1,0,0,0,0
534.0,Dr. Tara Mehta,SELECT,3.8,0,0,0,1,0,0,0,0,1,0,0
535.0,Dr. Muhammad Ali,SCOPE,4.8,0,0,1,0,1,0,0,0,0,0,0
536.0,Dr. Zoe Khan,SENSE,3.1,1,0,0,0,0,0,0,0,0,0,1
537.0,Dr. Kabir Desai,SCOPE,4.2,0,1,0,0,0,0,0,1,0,0,0
538.0,Dr. Anika Shah,SELECT,4.5,0,0,0,0,0,1,1,0,0,0,0
539.0,Dr. Ayaan Verma,SENSE,3.3,0,0,0,1,0,0,0,0,1,1,0
540.0,Dr. Navya Jain,SCOPE,4.9,0,0,1,0,1,0,0,1,0,0,0
541.0,Dr. Krish Sharma,SELECT,3.7,1,0,0,0,0,0,0,0,0,0,1
542.0,Dr. Pari Gupta,SCOPE,4.4,0,1,0,0,0,1,0,0,0,0,0
543.0,Dr. Rohan Patel,SENSE,3.0,0,0,0,0,0,0,0,0,1,1,0
544.0,Dr. Aisha Kumar,SCOPE,4.6,0,0,0,0,0,0,1,1,0,0,0
545.0,Dr. Aryan Reddy,SELECT,3.5,1,0,0,1,0,0,0,0,0,0,0
546.0,Dr. Eva Rao,SCOPE,4.7,0,0,1,0,1,0,0,0,0,0,0
547.0,Dr. Advik Nair,SENSE,3.2,0,0,0,0,0,0,0,0,1,0,1
548.0,Dr. Anvi Menon,SCOPE,4.1,0,1,0,0,0,1,0,0,0,0,0
549.0,Dr. Veer Iyer,SELECT,3.8,0,0,0,1,0,0,0,0,0,1,0
550.0,Dr. Zara Pillai,SCOPE,4.8,0,0,0,0,0,0,1,1,0,0,0
551.0,Dr. Sai Varma,SENSE,3.4,1,0,0,0,0,0,0,0,1,0,0
552.0,Dr. Shanaya Joshi,SCOPE,4.5,0,0,1,0,1,0,0,0,0,0,0
553.0,Dr. Zayan Mehta,SELECT,3.6,0,0,0,1,0,0,0,0,0,0,1
554.0,Dr. Aadhya Ali,SCOPE,4.9,0,0,0,0,0,1,1,1,0,0,0
555.0,Dr. Dhruv Khan,SENSE,3.1,1,0,0,0,0,0,0,0,0,1,0
556.0,Dr. Ira Desai,SCOPE,4.3,0,1,0,0,0,0,0,1,0,0,0
557.0,Dr. Aarush Shah,SELECT,4.6,0,0,1,0,1,0,0,0,0,0,0
558.0,Dr. Riya Verma,SENSE,3.3,0,0,0,1,0,0,0,0,1,0,0
559.0,Dr. Ishan Jain,SCOPE,4.7,0,0,0,0,0,1,1,0,0,0,0
560.0,Dr. Nia Sharma,SELECT,3.7,1,0,0,0,0,0,0,0,0,1,0
561.0,Dr. Om Gupta,SENSE,4.2,0,1,0,0,0,0,0,1,0,0,0
562.0,Dr. Anahita Patel,SCOPE,3.9,0,0,0,0,0,1,0,0,1,0,0
563.0,Dr. Yuvraj Kumar,SELECT,4.8,0,0,1,0,1,0,1,0,0,0,0
564.0,Dr. Samaira Reddy,SENSE,3.2,1,0,0,0,0,0,0,0,0,0,1
565.0,Dr. Atharv Rao,SCOPE,4.5,0,0,0,0,0,1,0,1,0,0,0
566.0,Dr. Alisha Nair,SELECT,3.5,0,0,0,1,0,0,0,0,1,0,0
567.0,Dr. Shaurya Menon,SENSE,4.6,0,1,0,0,1,0,0,0,0,0,0
568.0,Dr. Amaira Iyer,SCOPE,3.4,1,0,0,0,0,0,0,0,0,1,0
569.0,Dr. Yuvaan Pillai,SELECT,4.7,0,0,1,0,0,0,1,0,0,0,0
570.0,Dr. Saanvi Varma,SENSE,3.6,0,0,0,0,0,0,0,0,1,0,1
571.0,Dr. Armaan Joshi,SCOPE,4.9,0,0,0,0,1,1,0,1,0,0,0
572.0,Dr. Keya Mehta,SELECT,3.1,1,0,0,1,0,0,0,0,0,0,0
573.0,Dr. Vivaan Ali,SENSE,4.4,0,1,0,0,0,0,1,0,0,0,0
574.0,Dr. Aarya Khan,SCOPE,3.8,0,0,0,0,0,0,0,0,1,1,0
575.0,Dr. Abeer Desai,SELECT,4.8,0,0,1,0,1,0,0,0,0,0,0
576.0,Dr. Myra Shah,SENSE,3.3,1,0,0,0,0,0,0,0,0,0,1
577.0,Dr. Neil Verma,SCOPE,4.5,0,0,0,0,0,1,0,1,0,0,0
578.0,Dr. Pehel Jain,SELECT,3.7,0,0,0,1,0,0,0,0,1,0,0
579.0,Dr. Ekansh Sharma,SENSE,4.6,0,1,1,0,1,0,0,0,0,0,0
580.0,Dr. Ananya Gupta,SCOPE,3.2,1,0,0,0,0,0,0,0,0,1,0
581.0,Dr. Ishaan Patel,SELECT,4.7,0,0,0,0,0,1,1,0,0,0,0
582.0,Dr. Siya Kumar,SENSE,3.5,0,0,0,0,0,0,0,0,1,0,1
583.0,Dr. Reyansh Reddy,SCOPE,4.9,0,0,1,0,1,0,0,1,0,0,0
584.0,Dr. Kiara Rao,SELECT,3.4,1,0,0,1,0,0,0,0,0,0,0
585.0,Dr. Vihaan Nair,SENSE,4.8,0,1,0,0,0,0,1,0,0,0,0
586.0,Dr. Tara Menon,SCOPE,3.6,0,0,0,0,0,0,0,0,1,1,0
587.0,Dr. Muhammad Iyer,SELECT,4.7,0,0,1,0,1,0,0,0,0,0,0
588.0,Dr. Zoe Pillai,SENSE,3.1,1,0,0,0,0,0,0,0,0,0,1
589.0,Dr. Kabir Varma,SCOPE,4.5,0,0,0,0,0,1,0,1,0,0,0
590.0,Dr. Anika Joshi,SELECT,3.8,0,0,0,1,0,0,0,0,1,0,0
591.0,Dr. Ayaan Mehta,SENSE,4.6,0,1,1,0,1,0,0,0,0,0,0
592.0,Dr. Navya Ali,SCOPE,3.3,1,0,0,0,0,0,0,0,0,1,0
593.0,Dr. Krish Khan,SELECT,4.8,0,0,0,0,0,1,1,0,0,0,0
594.0,Dr. Pari Desai,SENSE,3.5,0,0,0,0,0,0,0,0,1,0,1
5.95,Dr. Rohan Shah,SCOPE,4.9,0,0,1,0,1,0,0,1,0,0,0
596.0,Dr. Aisha Verma,SELECT,3.2,1,0,0,1,0,0,0,0,0,0,0
597.0,Dr. Aryan Jain,SENSE,4.7,0,1,0,0,0,0,1,0,0,0,0
598.0,Dr. Eva Sharma,SCOPE,3.6,0,0,0,0,0,0,0,0,1,1,0
599.0,Dr. Advik Gupta,SELECT,4.6,0,0,1,0,1,0,0,0,0,0,0
600.0,Dr. Anvi Patel,SENSE,3.4,1,0,0,0,0,0,0,0,0,0,1
601.0,Dr. Veer Kumar,SCOPE,4.5,0,0,0,0,0,1,0,1,0,0,0
602.0,Dr. Zara Reddy,SELECT,3.7,0,0,0,1,0,0,0,0,1,0,0
603.0,Dr. Sai Rao,SENSE,4.8,0,1,1,0,1,0,0,0,0,0,0
604.0,Dr. Shanaya Nair,SCOPE,3.1,1,0,0,0,0,0,0,0,0,1,0
605.0,Dr. Zayan Menon,SELECT,4.7,0,0,0,0,0,1,1,0,0,0,0
606.0,Dr. Aadhya Iyer,SENSE,3.5,0,0,0,0,0,0,0,0,1,0,1
607.0,Dr. Dhruv Pillai,SCOPE,4.9,0,0,1,0,1,0,0,1,0,0,0
608.0,Dr. Ira Varma,SELECT,3.3,1,0,0,1,0,0,0,0,0,0,0
609.0,Dr. Aarush Joshi,SENSE,4.6,0,1,0,0,0,0,1,0,0,0,0
610.0,Dr. Riya Mehta,SCOPE,3.8,0,0,0,0,0,0,0,0,1,1,0
611.0,Dr. Ishan Ali,SELECT,4.5,0,0,1,0,1,0,0,0,0,0,0
612.0,Dr. Nia Khan,SENSE,3.2,1,0,0,0,0,0,0,0,0,0,1
613.0,Dr. Om Desai,SCOPE,4.7,0,0,0,0,0,1,0,1,0,0,0
614.0,Dr. Anahita Shah,SELECT,3.6,0,0,0,1,0,0,0,0,1,0,0
615.0,Dr. Yuvraj Verma,SENSE,4.8,0,1,1,0,1,0,0,0,0,0,0
616.0,Dr. Samaira Jain,SCOPE,3.4,1,0,0,0,0,0,0,0,0,1,0
617.0,Dr. Atharv Sharma,SELECT,4.6,0,0,0,0,0,1,1,0,0,0,0
618.0,Dr. Alisha Gupta,SENSE,3.7,0,0,0,0,0,0,0,0,1,0,1
619.0,Dr. Shaurya Patel,SCOPE,4.9,0,0,1,0,1,0,0,1,0,0,0
620.0,Dr. Amaira Kumar,SELECT,3.1,1,0,0,1,0,0,0,0,0,0,0
621.0,Dr. Yuvaan Reddy,SENSE,4.7,0,1,0,0,0,0,1,0,0,0,0
622.0,Dr. Saanvi Rao,SCOPE,3.5,0,0,0,0,0,0,0,0,1,1,0
623.0,Dr. Armaan Nair,SELECT,4.5,0,0,1,0,1,0,0,0,0,0,0
624.0,Dr. Keya Menon,SENSE,3.3,1,0,0,0,0,0,0,0,0,0,1
625.0,Dr. Vivaan Iyer,SCOPE,4.8,0,0,0,0,0,1,0,1,0,0,0
626.0,Dr. Aarya Pillai,SELECT,3.8,0,0,0,1,0,0,0,0,1,0,0
627.0,Dr. Abeer Varma,SENSE,4.6,0,1,1,0,1,0,0,0,0,0,0
628.0,Dr. Myra Joshi,SCOPE,3.2,1,0,0,0,0,0,0,0,0,1,0
629.0,Dr. Neil Mehta,SELECT,4.7,0,0,0,0,0,1,1,0,0,0,0
630.0,Dr. Pehel Ali,SENSE,3.6,0,0,0,0,0,0,0,0,1,0,1
631.0,Dr. Ekansh Khan,SCOPE,4.9,0,0,1,0,1,0,0,1,0,0,0
632.0,Dr. Ananya Desai,SELECT,3.4,1,0,0,1,0,0,0,0,0,0,0
633.0,Dr. Ishaan Shah,SENSE,4.5,0,1,0,0,0,0,1,0,0,0,0
634.0,Dr. Siya Verma,SCOPE,3.7,0,0,0,0,0,0,0,0,1,1,0
635.0,Dr. Reyansh Jain,SELECT,4.6,0,0,1,0,1,0,0,0,0,0,0
636.0,Dr. Kiara Sharma,SENSE,3.1,1,0,0,0,0,0,0,0,0,0,1
637.0,Dr. Vihaan Gupta,SCOPE,4.8,0,0,0,0,0,1,0,1,0,0,0
638.0,Dr. Tara Patel,SELECT,3.5,0,0,0,1,0,0,0,0,1,0,0
639.0,Dr. Muhammad Kumar,SENSE,4.7,0,1,1,0,1,0,0,0,0,0,0
640.0,Dr. Zoe Reddy,SCOPE,3.3,1,0,0,0,0,0,0,0,0,1,0
641.0,Dr. Kabir Rao,SELECT,4.6,0,0,0,0,0,1,1,0,0,0,0
642.0,Dr. Anika Nair,SENSE,3.8,0,0,0,0,0,0,0,0,1,0,1
643.0,Dr. Ayaan Menon,SCOPE,4.9,0,0,1,0,1,0,0,1,0,0,0
644.0,Dr. Navya Iyer,SELECT,3.2,1,0,0,1,0,0,0,0,0,0,0
645.0,Dr. Krish Pillai,SENSE,4.5,0,1,0,0,0,0,1,0,0,0,0
646.0,Dr. Pari Varma,SCOPE,3.6,0,0,0,0,0,0,0,0,1,1,0
647.0,Dr. Rohan Joshi,SELECT,4.7,0,0,1,0,1,0,0,0,0,0,0
648.0,Dr. Aisha Mehta,SENSE,3.4,1,0,0,0,0,0,0,0,0,0,1
649.0,Dr. Aryan Ali,SCOPE,4.8,0,0,0,0,0,1,0,1,0,0,0
650.0,Dr. Eva Khan,SELECT,3.7,0,0,0,1,0,0,0,0,1,0,0
651.0,Dr. Advik Desai,SENSE,4.6,0,1,1,0,1,0,0,0,0,0,0
652.0,Dr. Anvi Shah,SCOPE,3.1,1,0,0,0,0,0,0,0,0,1,0
653.0,Dr. Veer Verma,SELECT,4.7,0,0,0,0,0,1,1,0,0,0,0
654.0,Dr. Zara Jain,SENSE,3.5,0,0,0,0,0,0,0,0,1,0,1
655.0,Dr. Sai Sharma,SCOPE,4.9,0,0,1,0,1,0,0,1,0,0,0
656.0,Dr. Shanaya Gupta,SELECT,3.3,1,0,0,1,0,0,0,0,0,0,0
657.0,Dr. Zayan Patel,SENSE,4.5,0,1,0,0,0,0,1,0,0,0,0
658.0,Dr. Aadhya Kumar,SCOPE,3.8,0,0,0,0,0,0,0,0,1,1,0
659.0,Dr. Dhruv Reddy,SELECT,4.6,0,0,1,0,1,0,0,0,0,0,0
660.0,Dr. Ira Rao,SENSE,3.2,1,0,0,0,0,0,0,0,0,0,1
661.0,Dr. Aarush Nair,SCOPE,4.7,0,0,0,0,0,1,0,1,0,0,0
662.0,Dr. Riya Menon,SELECT,3.6,0,0,0,1,0,0,0,0,1,0,0
663.0,Dr. Ishan Iyer,SENSE,4.8,0,1,1,0,1,0,0,0,0,0,0
664.0,Dr. Nia Pillai,SCOPE,3.4,1,0,0,0,0,0,0,0,0,1,0
665.0,Dr. Om Varma,SELECT,4.6,0,0,0,0,0,1,1,0,0,0,0
666.0,Dr. Anahita Joshi,SENSE,3.7,0,0,0,0,0,0,0,0,1,0,1
667.0,Dr. Yuvraj Mehta,SCOPE,4.9,0,0,1,0,1,0,0,1,0,0,0
668.0,Dr. Samaira Ali,SELECT,3.1,1,0,0,1,0,0,0,0,0,0,0
669.0,Dr. Atharv Khan,SENSE,4.7,0,1,0,0,0,0,1,0,0,0,0
670.0,Dr. Alisha Desai,SCOPE,3.5,0,0,0,0,0,0,0,0,1,1,0
671.0,Dr. Shaurya Shah,SELECT,4.5,0,0,1,0,1,0,0,0,0,0,0
672.0,Dr. Amaira Verma,SENSE,3.3,1,0,0,0,0,0,0,0,0,0,1
673.0,Dr. Yuvaan Jain,SCOPE,4.8,0,0,0,0,0,1,0,1,0,0,0
674.0,Dr. Saanvi Sharma,SELECT,3.8,0,0,0,1,0,0,0,0,1,0,0
675.0,Dr. Armaan Gupta,SENSE,4.6,0,1,1,0,1,0,0,0,0,0,0
676.0,Dr. Keya Patel,SCOPE,3.2,1,0,0,0,0,0,0,0,0,1,0
677.0,Dr. Vivaan Kumar,SELECT,4.7,0,0,0,0,0,1,1,0,0,0,0
678.0,Dr. Aarya Reddy,SENSE,3.6,0,0,0,0,0,0,0,0,1,0,1
679.0,Dr. Abeer Rao,SCOPE,4.9,0,0,1,0,1,0,0,1,0,0,0
680.0,Dr. Myra Nair,SELECT,3.4,1,0,0,1,0,0,0,0,0,0,0
681.0,Dr. Neil Menon,SENSE,4.5,0,1,0,0,0,0,1,0,0,0,0
682.0,Dr. Pehel Iyer,SCOPE,3.7,0,0,0,0,0,0,0,0,1,1,0
683.0,Dr. Ekansh Pillai,SELECT,4.6,0,0,1,0,1,0,0,0,0,0,0
684.0,Dr. Ananya Varma,SENSE,3.1,1,0,0,0,0,0,0,0,0,0,1
685.0,Dr. Ishaan Joshi,SCOPE,4.8,0,0,0,0,0,1,0,1,0,0,0
686.0,Dr. Siya Mehta,SELECT,3.5,0,0,0,1,0,0,0,0,1,0,0
687.0,Dr. Reyansh Ali,SENSE,4.7,0,1,1,0,1,0,0,0,0,0,0
688.0,Dr. Kiara Khan,SCOPE,3.3,1,0,0,0,0,0,0,0,0,1,0
689.0,Dr. Vihaan Desai,SELECT,4.6,0,0,0,0,0,1,1,0,0,0,0
690.0,Dr. Tara Shah,SENSE,3.8,0,0,0,0,0,0,0,0,1,0,1
691.0,Dr. Muhammad Verma,SCOPE,4.9,0,0,1,0,1,0,0,1,0,0,0
692.0,Dr. Zoe Jain,SELECT,3.2,1,0,0,1,0,0,0,0,0,0,0
693.0,Dr. Kabir Sharma,SENSE,4.5,0,1,0,0,0,0,1,0,0,0,0
694.0,Dr. Anika Gupta,SCOPE,3.6,0,0,0,0,0,0,0,0,1,1,0
695.0,Dr. Ayaan Patel,SELECT,4.7,0,0,1,0,1,0,0,0,0,0,0
696.0,Dr. Navya Kumar,SENSE,3.4,1,0,0,0,0,0,0,0,0,0,1
697.0,Dr. Krish Reddy,SCOPE,4.8,0,0,0,0,0,1,0,1,0,0,0
698.0,Dr. Pari Rao,SELECT,3.7,0,0,0,1,0,0,0,0,1,0,0
699.0,Dr. Rohan Nair,SENSE,4.6,0,1,1,0,1,0,0,0,0,0,0
700.0,Dr. Aisha Menon,SCOPE,3.1,1,0,0,0,0,0,0,0,0,1,0
701.0,Dr. Aarav Iyer,SELECT,4.7,0,0,0,0,0,1,1,0,0,0,0
702.0,Dr. Aanya Pillai,SENSE,3.5,0,0,0,0,0,0,0,0,1,0,1
703.0,Dr. Vivaan Varma,SCOPE,4.9,0,0,1,0,1,0,0,1,0,0,0
704.0,Dr. Diya Joshi,SELECT,3.3,1,0,0,1,0,0,0,0,0,0,0
705.0,Dr. Aditya Mehta,SENSE,4.5,0,1,0,0,0,0,1,0,0,0,0
706.0,Dr. Ananya Ali,SCOPE,3.8,0,0,0,0,0,0,0,0,1,1,0
707.0,Dr. Ishaan Khan,SELECT,4.6,0,0,1,0,1,0,0,0,0,0,0
708.0,Dr. Myra Desai,SENSE,3.2,1,0,0,0,0,0,0,0,0,0,1
709.0,Dr. Arjun Shah,SCOPE,4.7,0,0,0,0,0,1,0,1,0,0,0
710.0,Dr. Siya Verma,SELECT,3.6,0,0,0,1,0,0,0,0,1,0,0
711.0,Dr. Reyansh Jain,SENSE,4.8,0,1,1,0,1,0,0,0,0,0,0
712.0,Dr. Kiara Sharma,SCOPE,3.4,1,0,0,0,0,0,0,0,0,1,0
713.0,Dr. Vihaan Gupta,SELECT,4.6,0,0,0,0,0,1,1,0,0,0,0
714.0,Dr. Tara Patel,SENSE,3.7,0,0,0,0,0,0,0,0,1,0,1
715.0,Dr. Muhammad Kumar,SCOPE,4.9,0,0,1,0,1,0,0,1,0,0,0
716.0,Dr. Zoe Reddy,SELECT,3.1,1,0,0,1,0,0,0,0,0,0,0
717.0,Dr. Kabir Rao,SENSE,4.7,0,1,0,0,0,0,1,0,0,0,0
718.0,Dr. Anika Nair,SCOPE,3.5,0,0,0,0,0,0,0,0,1,1,0
719.0,Dr. Ayaan Menon,SELECT,4.5,0,0,1,0,1,0,0,0,0,0,0
720.0,Dr. Navya Iyer,SENSE,3.3,1,0,0,0,0,0,0,0,0,0,1
721.0,Dr. Krish Pillai,SCOPE,4.8,0,0,0,0,0,1,0,1,0,0,0
722.0,Dr. Pari Varma,SELECT,3.8,0,0,0,1,0,0,0,0,1,0,0
723.0,Dr. Rohan Joshi,SENSE,4.6,0,1,1,0,1,0,0,0,0,0,0
724.0,Dr. Aisha Mehta,SCOPE,3.2,1,0,0,0,0,0,0,0,0,1,0
725.0,Dr. Aryan Ali,SELECT,4.7,0,0,0,0,0,1,1,0,0,0,0
726.0,Dr. Eva Khan,SENSE,3.6,0,0,0,0,0,0,0,0,1,0,1
727.0,Dr. Advik Desai,SCOPE,4.9,0,0,1,0,1,0,0,1,0,0,0
728.0,Dr. Anvi Shah,SELECT,3.4,1,0,0,1,0,0,0,0,0,0,0
729.0,Dr. Veer Verma,SENSE,4.5,0,1,0,0,0,0,1,0,0,0,0
730.0,Dr. Zara Jain,SCOPE,3.7,0,0,0,0,0,0,0,0,1,1,0
731.0,Dr. Sai Sharma,SELECT,4.6,0,0,1,0,1,0,0,0,0,0,0
732.0,Dr. Shanaya Gupta,SENSE,3.1,1,0,0,0,0,0,0,0,0,0,1
733.0,Dr. Zayan Patel,SCOPE,4.8,0,0,0,0,0,1,0,1,0,0,0
734.0,Dr. Aadhya Kumar,SELECT,3.5,0,0,0,1,0,0,0,0,1,0,0
735.0,Dr. Dhruv Reddy,SENSE,4.7,0,1,1,0,1,0,0,0,0,0,0
736.0,Dr. Ira Rao,SCOPE,3.3,1,0,0,0,0,0,0,0,0,1,0
737.0,Dr. Aarush Nair,SELECT,4.6,0,0,0,0,0,1,1,0,0,0,0
738.0,Dr. Riya Menon,SENSE,3.8,0,0,0,0,0,0,0,0,1,0,1
739.0,Dr. Ishan Iyer,SCOPE,4.9,0,0,1,0,1,0,0,1,0,0,0
740.0,Dr. Nia Pillai,SELECT,3.2,1,0,0,1,0,0,0,0,0,0,0
741.0,Dr. Om Varma,SENSE,4.5,0,1,0,0,0,0,1,0,0,0,0
742.0,Dr. Anahita Joshi,SCOPE,3.6,0,0,0,0,0,0,0,0,1,1,0
743.0,Dr. Yuvraj Mehta,SELECT,4.7,0,0,1,0,1,0,0,0,0,0,0
744.0,Dr. Samaira Ali,SENSE,3.4,1,0,0,0,0,0,0,0,0,0,1
745.0,Dr. Atharv Khan,SCOPE,4.8,0,0,0,0,0,1,0,1,0,0,0
746.0,Dr. Alisha Desai,SELECT,3.7,0,0,0,1,0,0,0,0,1,0,0
747.0,Dr. Shaurya Shah,SENSE,4.6,0,1,1,0,1,0,0,0,0,0,0
748.0,Dr. Amaira Verma,SCOPE,3.1,1,0,0,0,0,0,0,0,0,1,0
749.0,Dr. Yuvaan Jain,SELECT,4.7,0,0,0,0,0,1,1,0,0,0,0
750.0,Dr. Saanvi Sharma,SENSE,3.5,0,0,0,0,0,0,0,0,1,0,1
751.0,Dr. Armaan Gupta,SCOPE,4.9,0,0,1,0,1,0,0,1,0,0,0
752.0,Dr. Keya Patel,SELECT,3.3,1,0,0,1,0,0,0,0,0,0,0
753.0,Dr. Vivaan Kumar,SENSE,4.5,0,1,0,0,0,0,1,0,0,0,0
754.0,Dr. Aarya Reddy,SCOPE,3.8,0,0,0,0,0,0,0,0,1,1,0
755.0,Dr. Abeer Rao,SELECT,4.6,0,0,1,0,1,0,0,0,0,0,0
756.0,Dr. Myra Nair,SENSE,3.2,1,0,0,0,0,0,0,0,0,0,1
757.0,Dr. Neil Menon,SCOPE,4.7,0,0,0,0,0,1,0,1,0,0,0
758.0,Dr. Pehel Iyer,SELECT,3.6,0,0,0,1,0,0,0,0,1,0,0
759.0,Dr. Ekansh Pillai,SENSE,4.8,0,1,1,0,1,0,0,0,0,0,0
760.0,Dr. Ananya Varma,SCOPE,3.4,1,0,0,0,0,0,0,0,0,1,0
761.0,Dr. Ishaan Joshi,SELECT,4.6,0,0,0,0,0,1,1,0,0,0,0
762.0,Dr. Siya Mehta,SENSE,3.7,0,0,0,0,0,0,0,0,1,0,1
763.0,Dr. Reyansh Ali,SCOPE,4.9,0,0,1,0,1,0,0,1,0,0,0
764.0,Dr. Kiara Khan,SELECT,3.1,1,0,0,1,0,0,0,0,0,0,0
765.0,Dr. Vihaan Desai,SENSE,4.7,0,1,0,0,0,0,1,0,0,0,0
766.0,Dr. Tara Shah,SCOPE,3.5,0,0,0,0,0,0,0,0,1,1,0
767.0,Dr. Muhammad Verma,SELECT,4.5,0,0,1,0,1,0,0,0,0,0,0
768.0,Dr. Zoe Jain,SENSE,3.3,1,0,0,0,0,0,0,0,0,0,1
769.0,Dr. Kabir Sharma,SCOPE,4.8,0,0,0,0,0,1,0,1,0,0,0
770.0,Dr. Anika Gupta,SELECT,3.8,0,0,0,1,0,0,0,0,1,0,0
771.0,Dr. Ayaan Patel,SENSE,4.6,0,1,1,0,1,0,0,0,0,0,0
772.0,Dr. Navya Kumar,SCOPE,3.2,1,0,0,0,0,0,0,0,0,1,0
773.0,Dr. Krish Reddy,SELECT,4.7,0,0,0,0,0,1,1,0,0,0,0
774.0,Dr. Pari Rao,SENSE,3.6,0,0,0,0,0,0,0,0,1,0,1
775.0,Dr. Rohan Nair,SCOPE,4.9,0,0,1,0,1,0,0,1,0,0,0
776.0,Dr. Aisha Menon,SELECT,3.4,1,0,0,1,0,0,0,0,0,0,0
777.0,Dr. Aarav Iyer,SENSE,4.5,0,1,0,0,0,0,1,0,0,0,0
778.0,Dr. Aanya Pillai,SCOPE,3.7,0,0,0,0,0,0,0,0,1,1,0
779.0,Dr. Vivaan Varma,SELECT,4.6,0,0,1,0,1,0,0,0,0,0,0
780.0,Dr. Diya Joshi,SENSE,3.1,1,0,0,0,0,0,0,0,0,0,1
781.0,Dr. Aditya Mehta,SCOPE,4.8,0,0,0,0,0,1,0,1,0,0,0
782.0,Dr. Ananya Ali,SELECT,3.5,0,0,0,1,0,0,0,0,1,0,0
783.0,Dr. Ishaan Khan,SENSE,4.7,0,1,1,0,1,0,0,0,0,0,0
784.0,Dr. Myra Desai,SCOPE,3.3,1,0,0,0,0,0,0,0,0,1,0
785.0,Dr. Arjun Shah,SELECT,4.6,0,0,0,0,0,1,1,0,0,0,0
786.0,Dr. Siya Verma,SENSE,3.8,0,0,0,0,0,0,0,0,1,0,1
787.0,Dr. Reyansh Jain,SCOPE,4.9,0,0,1,0,1,0,0,1,0,0,0
788.0,Dr. Kiara Sharma,SELECT,3.2,1,0,0,1,0,0,0,0,0,0,0
789.0,Dr. Vihaan Gupta,SENSE,4.5,0,1,0,0,0,0,1,0,0,0,0
790.0,Dr. Tara Patel,SCOPE,3.6,0,0,0,0,0,0,0,0,1,1,0
791.0,Dr. Muhammad Kumar,SELECT,4.7,0,0,1,0,1,0,0,0,0,0,0
792.0,Dr. Zoe Reddy,SENSE,3.4,1,0,0,0,0,0,0,0,0,0,1
793.0,Dr. Kabir Rao,SCOPE,4.8,0,0,0,0,0,1,0,1,0,0,0
794.0,Dr. Anika Nair,SELECT,3.7,0,0,0,1,0,0,0,0,1,0,0
795.0,Dr. Ayaan Menon,SENSE,4.6,0,1,1,0,1,0,0,0,0,0,0
796.0,Dr. Navya Iyer,SCOPE,3.1,1,0,0,0,0,0,0,0,0,1,0
797.0,Dr. Krish Pillai,SELECT,4.7,0,0,0,0,0,1,1,0,0,0,0
798.0,Dr. Pari Varma,SENSE,3.5,0,0,0,0,0,0,0,0,1,0,1
799.0,Dr. Rohan Joshi,SCOPE,4.9,0,0,1,0,1,0,0,1,0,0,0
800.0,Dr. Aisha Mehta,SELECT,3.3,1,0,0,1,0,0,0,0,0,0,0
801.0,Dr. Aryan Ali,SENSE,4.5,0,1,0,0,0,0,1,0,0,0,0
802.0,Dr. Eva Khan,SCOPE,3.8,0,0,0,0,0,0,0,0,1,1,0
803.0,Dr. Advik Desai,SELECT,4.6,0,0,1,0,1,0,0,0,0,0,0
804.0,Dr. Anvi Shah,SENSE,3.2,1,0,0,0,0,0,0,0,0,0,1
805.0,Dr. Veer Verma,SCOPE,4.7,0,0,0,0,0,1,0,1,0,0,0
806.0,Dr. Zara Jain,SELECT,3.6,0,0,0,1,0,0,0,0,1,0,0
807.0,Dr. Sai Sharma,SENSE,4.8,0,1,1,0,1,0,0,0,0,0,0
808.0,Dr. Shanaya Gupta,SCOPE,3.4,1,0,0,0,0,0,0,0,0,1,0
809.0,Dr. Zayan Patel,SELECT,4.6,0,0,0,0,0,1,1,0,0,0,0
810.0,Dr. Aadhya Kumar,SENSE,3.7,0,0,0,0,0,0,0,0,1,0,1
811.0,Dr. Dhruv Reddy,SCOPE,4.9,0,0,1,0,1,0,0,1,0,0,0
812.0,Dr. Ira Rao,SELECT,3.1,1,0,0,1,0,0,0,0,0,0,0
813.0,Dr. Aarush Nair,SENSE,4.7,0,1,0,0,0,0,1,0,0,0,0
814.0,Dr. Riya Menon,SCOPE,3.5,0,0,0,0,0,0,0,0,1,1,0
815.0,Dr. Ishan Iyer,SELECT,4.5,0,0,1,0,1,0,0,0,0,0,0
816.0,Dr. Nia Pillai,SENSE,3.3,1,0,0,0,0,0,0,0,0,0,1
817.0,Dr. Om Varma,SCOPE,4.8,0,0,0,0,0,1,0,1,0,0,0
818.0,Dr. Anahita Joshi,SELECT,3.8,0,0,0,1,0,0,0,0,1,0,0
819.0,Dr. Yuvraj Mehta,SENSE,4.6,0,1,1,0,1,0,0,0,0,0,0
820.0,Dr. Samaira Ali,SCOPE,3.2,1,0,0,0,0,0,0,0,0,1,0
821.0,Dr. Atharv Khan,SELECT,4.7,0,0,0,0,0,1,1,0,0,0,0
822.0,Dr. Alisha Desai,SENSE,3.6,0,0,0,0,0,0,0,0,1,0,1
823.0,Dr. Shaurya Shah,SCOPE,4.9,0,0,1,0,1,0,0,1,0,0,0
824.0,Dr. Amaira Verma,SELECT,3.4,1,0,0,1,0,0,0,0,0,0,0
825.0,Dr. Yuvaan Jain,SENSE,4.5,0,1,0,0,0,0,1,0,0,0,0
826.0,Dr. Saanvi Sharma,SCOPE,3.7,0,0,0,0,0,0,0,0,1,1,0
827.0,Dr. Armaan Gupta,SELECT,4.6,0,0,1,0,1,0,0,0,0,0,0
828.0,Dr. Keya Patel,SENSE,3.1,1,0,0,0,0,0,0,0,0,0,1
829.0,Dr. Vivaan Kumar,SCOPE,4.8,0,0,0,0,0,1,0,1,0,0,0
830.0,Dr. Aarya Reddy,SELECT,3.5,0,0,0,1,0,0,0,0,1,0,0
831.0,Dr. Abeer Rao,SENSE,4.7,0,1,1,0,1,0,0,0,0,0,0
832.0,Dr. Myra Nair,SCOPE,3.3,1,0,0,0,0,0,0,0,0,1,0
833.0,Dr. Neil Menon,SELECT,4.6,0,0,0,0,0,1,1,0,0,0,0
834.0,Dr. Pehel Iyer,SENSE,3.8,0,0,0,0,0,0,0,0,1,0,1
835.0,Dr. Ekansh Pillai,SCOPE,4.9,0,0,1,0,1,0,0,1,0,0,0
836.0,Dr. Ananya Varma,SELECT,3.2,1,0,0,1,0,0,0,0,0,0,0
837.0,Dr. Ishaan Joshi,SENSE,4.5,0,1,0,0,0,0,1,0,0,0,0
838.0,Dr. Siya Mehta,SCOPE,3.6,0,0,0,0,0,0,0,0,1,1,0
839.0,Dr. Reyansh Ali,SELECT,4.7,0,0,1,0,1,0,0,0,0,0,0
840.0,Dr. Kiara Khan,SENSE,3.4,1,0,0,0,0,0,0,0,0,0,1
841.0,Dr. Vihaan Desai,SCOPE,4.8,0,0,0,0,0,1,0,1,0,0,0
842.0,Dr. Tara Shah,SELECT,3.7,0,0,0,1,0,0,0,0,1,0,0
843.0,Dr. Muhammad Verma,SENSE,4.6,0,1,1,0,1,0,0,0,0,0,0
844.0,Dr. Zoe Jain,SCOPE,3.1,1,0,0,0,0,0,0,0,0,1,0
845.0,Dr. Kabir Sharma,SELECT,4.7,0,0,0,0,0,1,1,0,0,0,0
846.0,Dr. Anika Gupta,SENSE,3.5,0,0,0,0,0,0,0,0,1,0,1
847.0,Dr. Ayaan Patel,SCOPE,4.9,0,0,1,0,1,0,0,1,0,0,0
848.0,Dr. Navya Kumar,SELECT,3.3,1,0,0,1,0,0,0,0,0,0,0
849.0,Dr. Krish Reddy,SENSE,4.5,0,1,0,0,0,0,1,0,0,0,0
850.0,Dr. Pari Rao,SCOPE,3.8,0,0,0,0,0,0,0,0,1,1,0
851.0,Dr. Rohan Nair,SELECT,4.6,0,0,1,0,1,0,0,0,0,0,0
852.0,Dr. Aisha Menon,SENSE,3.2,1,0,0,0,0,0,0,0,0,0,1
853.0,Dr. Aarav Iyer,SCOPE,4.7,0,0,0,0,0,1,0,1,0,0,0
854.0,Dr. Aanya Pillai,SELECT,3.6,0,0,0,1,0,0,0,0,1,0,0
855.0,Dr. Vivaan Varma,SENSE,4.8,0,1,1,0,1,0,0,0,0,0,0
856.0,Dr. Diya Joshi,SCOPE,3.4,1,0,0,0,0,0,0,0,0,1,0
857.0,Dr. Aditya Mehta,SELECT,4.6,0,0,0,0,0,1,1,0,0,0,0
858.0,Dr. Ananya Ali,SENSE,3.7,0,0,0,0,0,0,0,0,1,0,1
859.0,Dr. Ishaan Khan,SCOPE,4.9,0,0,1,0,1,0,0,1,0,0,0
860.0,Dr. Myra Desai,SELECT,3.1,1,0,0,1,0,0,0,0,0,0,0
861.0,Dr. Arjun Shah,SENSE,4.7,0,1,0,0,0,0,1,0,0,0,0
862.0,Dr. Siya Verma,SCOPE,3.5,0,0,0,0,0,0,0,0,1,1,0
863.0,Dr. Reyansh Jain,SELECT,4.5,0,0,1,0,1,0,0,0,0,0,0
864.0,Dr. Kiara Sharma,SENSE,3.3,1,0,0,0,0,0,0,0,0,0,1
865.0,Dr. Vihaan Gupta,SCOPE,4.8,0,0,0,0,0,1,0,1,0,0,0
866.0,Dr. Tara Patel,SELECT,3.8,0,0,0,1,0,0,0,0,1,0,0
867.0,Dr. Muhammad Kumar,SENSE,4.6,0,1,1,0,1,0,0,0,0,0,0
868.0,Dr. Zoe Reddy,SCOPE,3.2,1,0,0,0,0,0,0,0,0,1,0
869.0,Dr. Kabir Rao,SELECT,4.7,0,0,0,0,0,1,1,0,0,0,0
870.0,Dr. Anika Nair,SENSE,3.6,0,0,0,0,0,0,0,0,1,0,1
871.0,Dr. Ayaan Menon,SCOPE,4.9,0,0,1,0,1,0,0,1,0,0,0
872.0,Dr. Navya Iyer,SELECT,3.4,1,0,0,1,0,0,0,0,0,0,0
873.0,Dr. Krish Pillai,SENSE,4.5,0,1,0,0,0,0,1,0,0,0,0
874.0,Dr. Pari Varma,SCOPE,3.7,0,0,0,0,0,0,0,0,1,1,0
875.0,Dr. Rohan Joshi,SELECT,4.6,0,0,1,0,1,0,0,0,0,0,0
876.0,Dr. Aisha Mehta,SENSE,3.1,1,0,0,0,0,0,0,0,0,0,1
877.0,Dr. Aryan Ali,SCOPE,4.8,0,0,0,0,0,1,0,1,0,0,0
878.0,Dr. Eva Khan,SELECT,3.5,0,0,0,1,0,0,0,0,1,0,0
879.0,Dr. Advik Desai,SENSE,4.7,0,1,1,0,1,0,0,0,0,0,0
880.0,Dr. Anvi Shah,SCOPE,3.3,1,0,0,0,0,0,0,0,0,1,0
881.0,Dr. Veer Verma,SELECT,4.6,0,0,0,0,0,1,1,0,0,0,0
882.0,Dr. Zara Jain,SENSE,3.8,0,0,0,0,0,0,0,0,1,0,1
883.0,Dr. Sai Sharma,SCOPE,4.9,0,0,1,0,1,0,0,1,0,0,0
884.0,Dr. Shanaya Gupta,SELECT,3.2,1,0,0,1,0,0,0,0,0,0,0
885.0,Dr. Zayan Patel,SENSE,4.5,0,1,0,0,0,0,1,0,0,0,0
886.0,Dr. Aadhya Kumar,SCOPE,3.6,0,0,0,0,0,0,0,0,1,1,0
887.0,Dr. Dhruv Reddy,SELECT,4.7,0,0,1,0,1,0,0,0,0,0,0
888.0,Dr. Ira Rao,SENSE,3.4,1,0,0,0,0,0,0,0,0,0,1
889.0,Dr. Aarush Nair,SCOPE,4.8,0,0,0,0,0,1,0,1,0,0,0
890.0,Dr. Riya Menon,SELECT,3.7,0,0,0,1,0,0,0,0,1,0,0
891.0,Dr. Ishan Iyer,SENSE,4.6,0,1,1,0,1,0,0,0,0,0,0
892.0,Dr. Nia Pillai,SCOPE,3.1,1,0,0,0,0,0,0,0,0,1,0
893.0,Dr. Om Varma,SELECT,4.7,0,0,0,0,0,1,1,0,0,0,0
894.0,Dr. Anahita Joshi,SENSE,3.5,0,0,0,0,0,0,0,0,1,0,1
895.0,Dr. Yuvraj Mehta,SCOPE,4.9,0,0,1,0,1,0,0,1,0,0,0
896.0,Dr. Samaira Ali,SELECT,3.3,1,0,0,1,0,0,0,0,0,0,0
897.0,Dr. Atharv Khan,SENSE,4.5,0,1,0,0,0,0,1,0,0,0,0
898.0,Dr. Alisha Desai,SCOPE,3.8,0,0,0,0,0,0,0,0,1,1,0
899.0,Dr. Shaurya Shah,SELECT,4.6,0,0,1,0,1,0,0,0,0,0,0
900.0,Dr. Amaira Verma,SENSE,3.2,1,0,0,0,0,0,0,0,0,0,1
901.0,Dr. Yuvaan Jain,SCOPE,4.7,0,0,0,0,0,1,0,1,0,0,0
902.0,Dr. Saanvi Sharma,SELECT,3.6,0,0,0,1,0,0,0,0,1,0,0
903.0,Dr. Armaan Gupta,SENSE,4.8,0,1,1,0,1,0,0,0,0,0,0
904.0,Dr. Keya Patel,SCOPE,3.4,1,0,0,0,0,0,0,0,0,1,0
905.0,Dr. Vivaan Kumar,SELECT,4.6,0,0,0,0,0,1,1,0,0,0,0
906.0,Dr. Aarya Reddy,SENSE,3.7,0,0,0,0,0,0,0,0,1,0,1
907.0,Dr. Abeer Rao,SCOPE,4.9,0,0,1,0,1,0,0,1,0,0,0
908.0,Dr. Myra Nair,SELECT,3.1,1,0,0,1,0,0,0,0,0,0,0
909.0,Dr. Neil Menon,SENSE,4.7,0,1,0,0,0,0,1,0,0,0,0
910.0,Dr. Pehel Iyer,SCOPE,3.5,0,0,0,0,0,0,0,0,1,1,0
911.0,Dr. Ekansh Pillai,SELECT,4.5,0,0,1,0,1,0,0,0,0,0,0
912.0,Dr. Ananya Varma,SENSE,3.3,1,0,0,0,0,0,0,0,0,0,1
913.0,Dr. Ishaan Joshi,SCOPE,4.8,0,0,0,0,0,1,0,1,0,0,0
914.0,Dr. Siya Mehta,SELECT,3.8,0,0,0,1,0,0,0,0,1,0,0
915.0,Dr. Reyansh Ali,SENSE,4.6,0,1,1,0,1,0,0,0,0,0,0
916.0,Dr. Kiara Khan,SCOPE,3.2,1,0,0,0,0,0,0,0,0,1,0
917.0,Dr. Vihaan Desai,SELECT,4.7,0,0,0,0,0,1,1,0,0,0,0
918.0,Dr. Tara Shah,SENSE,3.6,0,0,0,0,0,0,0,0,1,0,1
919.0,Dr. Muhammad Verma,SCOPE,4.9,0,0,1,0,1,0,0,1,0,0,0
920.0,Dr. Zoe Jain,SELECT,3.4,1,0,0,1,0,0,0,0,0,0,0
921.0,Dr. Kabir Sharma,SENSE,4.5,0,1,0,0,0,0,1,0,0,0,0
922.0,Dr. Anika Gupta,SCOPE,3.7,0,0,0,0,0,0,0,0,1,1,0
923.0,Dr. Ayaan Patel,SELECT,4.6,0,0,1,0,1,0,0,0,0,0,0
924.0,Dr. Navya Kumar,SENSE,3.1,1,0,0,0,0,0,0,0,0,0,1
925.0,Dr. Krish Reddy,SCOPE,4.8,0,0,0,0,0,1,0,1,0,0,0
926.0,Dr. Pari Rao,SELECT,3.5,0,0,0,1,0,0,0,0,1,0,0
927.0,Dr. Rohan Nair,SENSE,4.7,0,1,1,0,1,0,0,0,0,0,0
928.0,Dr. Aisha Menon,SCOPE,3.3,1,0,0,0,0,0,0,0,0,1,0
929.0,Dr. Aarav Iyer,SELECT,4.6,0,0,0,0,0,1,1,0,0,0,0
930.0,Dr. Aanya Pillai,SENSE,3.8,0,0,0,0,0,0,0,0,1,0,1
931.0,Dr. Vivaan Varma,SCOPE,4.9,0,0,1,0,1,0,0,1,0,0,0
932.0,Dr. Diya Joshi,SELECT,3.2,1,0,0,1,0,0,0,0,0,0,0
933.0,Dr. Aditya Mehta,SENSE,4.5,0,1,0,0,0,0,1,0,0,0,0
934.0,Dr. Ananya Ali,SCOPE,3.6,0,0,0,0,0,0,0,0,1,1,0
935.0,Dr. Ishaan Khan,SELECT,4.7,0,0,1,0,1,0,0,0,0,0,0
936.0,Dr. Myra Desai,SENSE,3.4,1,0,0,0,0,0,0,0,0,0,1
937.0,Dr. Arjun Shah,SCOPE,4.8,0,0,0,0,0,1,0,1,0,0,0
938.0,Dr. Siya Verma,SELECT,3.7,0,0,0,1,0,0,0,0,1,0,0
939.0,Dr. Reyansh Jain,SENSE,4.6,0,1,1,0,1,0,0,0,0,0,0
940.0,Dr. Kiara Sharma,SCOPE,3.1,1,0,0,0,0,0,0,0,0,1,0
941.0,Dr. Vihaan Gupta,SELECT,4.7,0,0,0,0,0,1,1,0,0,0,0
942.0,Dr. Tara Patel,SENSE,3.5,0,0,0,0,0,0,0,0,1,0,1
943.0,Dr. Muhammad Kumar,SCOPE,4.9,0,0,1,0,1,0,0,1,0,0,0
944.0,Dr. Zoe Reddy,SELECT,3.3,1,0,0,1,0,0,0,0,0,0,0
945.0,Dr. Kabir Rao,SENSE,4.5,0,1,0,0,0,0,1,0,0,0,0
946.0,Dr. Anika Nair,SCOPE,3.8,0,0,0,0,0,0,0,0,1,1,0
947.0,Dr. Ayaan Menon,SELECT,4.6,0,0,1,0,1,0,0,0,0,0,0
948.0,Dr. Navya Iyer,SENSE,3.2,1,0,0,0,0,0,0,0,0,0,1
949.0,Dr. Krish Pillai,SCOPE,4.7,0,0,0,0,0,1,0,1,0,0,0
950.0,Dr. Pari Varma,SELECT,3.6,0,0,0,1,0,0,0,0,1,0,0
951.0,Dr. Rohan Joshi,SENSE,4.8,0,1,1,0,1,0,0,0,0,0,0
952.0,Dr. Aisha Mehta,SCOPE,3.4,1,0,0,0,0,0,0,0,0,1,0
953.0,Dr. Aryan Ali,SELECT,4.6,0,0,0,0,0,1,1,0,0,0,0
954.0,Dr. Eva Khan,SENSE,3.7,0,0,0,0,0,0,0,0,1,0,1
955.0,Dr. Advik Desai,SCOPE,4.9,0,0,1,0,1,0,0,1,0,0,0
956.0,Dr. Anvi Shah,SELECT,3.1,1,0,0,1,0,0,0,0,0,0,0
957.0,Dr. Veer Verma,SENSE,4.7,0,1,0,0,0,0,1,0,0,0,0
958.0,Dr. Zara Jain,SCOPE,3.5,0,0,0,0,0,0,0,0,1,1,0
959.0,Dr. Sai Sharma,SELECT,4.5,0,0,1,0,1,0,0,0,0,0,0
960.0,Dr. Shanaya Gupta,SENSE,3.3,1,0,0,0,0,0,0,0,0,0,1
961.0,Dr. Zayan Patel,SCOPE,4.8,0,0,0,0,0,1,0,1,0,0,0
962.0,Dr. Aadhya Kumar,SELECT,3.8,0,0,0,1,0,0,0,0,1,0,0
963.0,Dr. Dhruv Reddy,SENSE,4.6,0,1,1,0,1,0,0,0,0,0,0
964.0,Dr. Ira Rao,SCOPE,3.2,1,0,0,0,0,0,0,0,0,1,0
965.0,Dr. Aarush Nair,SELECT,4.7,0,0,0,0,0,1,1,0,0,0,0
966.0,Dr. Riya Menon,SENSE,3.6,0,0,0,0,0,0,0,0,1,0,1
967.0,Dr. Ishan Iyer,SCOPE,4.9,0,0,1,0,1,0,0,1,0,0,0
968.0,Dr. Nia Pillai,SELECT,3.4,1,0,0,1,0,0,0,0,0,0,0
969.0,Dr. Om Varma,SENSE,4.5,0,1,0,0,0,0,1,0,0,0,0
970.0,Dr. Anahita Joshi,SCOPE,3.7,0,0,0,0,0,0,0,0,1,1,0
971.0,Dr. Yuvraj Mehta,SELECT,4.6,0,0,1,0,1,0,0,0,0,0,0
972.0,Dr. Samaira Ali,SENSE,3.1,1,0,0,0,0,0,0,0,0,0,1
973.0,Dr. Atharv Khan,SCOPE,4.8,0,0,0,0,0,1,0,1,0,0,0
974.0,Dr. Alisha Desai,SELECT,3.5,0,0,0,1,0,0,0,0,1,0,0
975.0,Dr. Shaurya Shah,SENSE,4.7,0,1,1,0,1,0,0,0,0,0,0
976.0,Dr. Amaira Verma,SCOPE,3.3,1,0,0,0,0,0,0,0,0,1,0
977.0,Dr. Yuvaan Jain,SELECT,4.6,0,0,0,0,0,1,1,0,0,0,0
978.0,Dr. Saanvi Sharma,SENSE,3.8,0,0,0,0,0,0,0,0,1,0,1
979.0,Dr. Armaan Gupta,SCOPE,4.9,0,0,1,0,1,0,0,1,0,0,0
980.0,Dr. Keya Patel,SELECT,3.2,1,0,0,1,0,0,0,0,0,0,0
981.0,Dr. Vivaan Kumar,SENSE,4.5,0,1,0,0,0,0,1,0,0,0,0
982.0,Dr. Aarya Reddy,SCOPE,3.6,0,0,0,0,0,0,0,0,1,1,0
983.0,Dr. Abeer Rao,SELECT,4.7,0,0,1,0,1,0,0,0,0,0,0
984.0,Dr. Myra Nair,SENSE,3.4,1,0,0,0,0,0,0,0,0,0,1
985.0,Dr. Neil Menon,SCOPE,4.8,0,0,0,0,0,1,0,1,0,0,0
986.0,Dr. Pehel Iyer,SELECT,3.7,0,0,0,1,0,0,0,0,1,0,0
987.0,Dr. Ekansh Pillai,SENSE,4.6,0,1,1,0,1,0,0,0,0,0,0
988.0,Dr. Ananya Varma,SCOPE,3.1,1,0,0,0,0,0,0,0,0,1,0
989.0,Dr. Ishaan Joshi,SELECT,4.7,0,0,0,0,0,1,1,0,0,0,0
990.0,Dr. Siya Mehta,SENSE,3.5,0,0,0,0,0,0,0,0,1,0,1
991.0,Dr. Reyansh Ali,SCOPE,4.9,0,0,1,0,1,0,0,1,0,0,0
992.0,Dr. Kiara Khan,SELECT,3.3,1,0,0,1,0,0,0,0,0,0,0
993.0,Dr. Vihaan Desai,SENSE,4.5,0,1,0,0,0,0,1,0,0,0,0
994.0,Dr. Tara Shah,SCOPE,3.8,0,0,0,0,0,0,0,0,1,1,0
995.0,Dr. Muhammad Verma,SELECT,4.6,0,0,1,0,1,0,0,0,0,0,0
996.0,Dr. Zoe Jain,SENSE,3.2,1,0,0,0,0,0,0,0,0,0,1
997.0,Dr. Kabir Sharma,SCOPE,4.7,0,0,0,0,0,1,0,1,0,0,0
998.0,Dr. Anika Gupta,SELECT,3.6,0,0,0,1,0,0,0,0,1,0,0
999.0,Dr. Ayaan Patel,SENSE,4.8,0,1,1,0,1,0,0,0,0,0,0
1000.0,Dr. Navya Kumar,SCOPE,3.4,1,0,0,0,0,0,0,0,0,1,0
1001.0,Dr. Krish Reddy,SELECT,4.6,0,0,0,0,0,1,1,0,0,0,0
1002.0,Dr. Pari Rao,SENSE,3.7,0,0,0,0,0,0,0,0,1,0,1
1003.0,Dr. Rohan Nair,SCOPE,4.9,0,0,1,0,1,0,0,1,0,0,0
1004.0,Dr. Aisha Menon,SELECT,3.1,1,0,0,1,0,0,0,0,0,0,0
1005.0,Dr. Aarav Iyer,SENSE,4.7,0,1,0,0,0,0,1,0,0,0,0
1006.0,Dr. Aanya Pillai,SCOPE,3.5,0,0,0,0,0,0,0,0,1,1,0
1007.0,Dr. Vivaan Varma,SELECT,4.5,0,0,1,0,1,0,0,0,0,0,0
1008.0,Dr. Diya Joshi,SENSE,3.3,1,0,0,0,0,0,0,0,0,0,1
1009.0,Dr. Aditya Mehta,SCOPE,4.8,0,0,0,0,0,1,0,1,0,0,0
1010.0,Dr. Ananya Ali,SELECT,3.8,0,0,0,1,0,0,0,0,1,0,0
1011.0,Dr. Ishaan Khan,SENSE,4.6,0,1,1,0,1,0,0,0,0,0,0
1012.0,Dr. Myra Desai,SCOPE,3.2,1,0,0,0,0,0,0,0,0,1,0
1013.0,Dr. Arjun Shah,SELECT,4.7,0,0,0,0,0,1,1,0,0,0,0
1014.0,Dr. Siya Verma,SENSE,3.6,0,0,0,0,0,0,0,0,1,0,1
1015.0,Dr. Reyansh Jain,SCOPE,4.9,0,0,1,0,1,0,0,1,0,0,0
1016.0,Dr. Kiara Sharma,SELECT,3.4,1,0,0,1,0,0,0,0,0,0,0
1017.0,Dr. Vihaan Gupta,SENSE,4.5,0,1,0,0,0,0,1,0,0,0,0
1018.0,Dr. Tara Patel,SCOPE,3.7,0,0,0,0,0,0,0,0,1,1,0
1019.0,Dr. Muhammad Kumar,SELECT,4.6,0,0,1,0,1,0,0,0,0,0,0
1020.0,Dr. Zoe Reddy,SENSE,3.1,1,0,0,0,0,0,0,0,0,0,1
